1215;106
1216;107
1217;107
1218;107
1219;107
1220;107
1221;107
1222;107
1223;107
1224;107
1225;108
1226;107
1227;107
1228;107
1229;107
1230;111
1231;111
1232;111
1233;111
1234;111
1235;111
1236;111
1237;107
1238;107
1239;107
1240;107
1241;107
1242;111
1243;111
1244;107
1245;106
1246;106
1247;106
1248;106
1249;106
1250;106
1251;106
1252;106
1253;106
1254;106
1255;106
1256;106
1257;118
1258;118
1259;106
1260;116
1261;106
1262;106
1263;106
1264;106
1265;109
1266;109
1267;106
1268;116
1269;116
1270;106
1271;106
1272;106
1273;106
1274;106
1275;106
1276;106
1277;106
1278;106
1279;116
1280;118
1281;118
1282;118
1283;118
1284;116
1285;116
1286;116
1287;116
1288;116
1289;116
1290;116
1291;116
1292;116
1293;116
1294;116
1295;116
1296;116
1297;116
1298;116
1299;116
1300;116
1301;116
1302;118
1303;118
1304;118
1305;118
1306;118
1307;118
1308;118
1309;116
1310;116
1311;116
1312;116
1313;116
1314;116
1315;116
1316;116
1317;116
1318;116
1319;116
1320;116
1321;116
1322;116
1323;116
1324;118
1325;106
1326;106
1327;106
1328;106
1329;106
1330;106
1331;116
1332;106
1333;118
1334;118
1335;116
1336;116
1337;106
1338;106
1339;106
1340;116
1341;116
1342;116
1343;116
1344;106
1345;106
1346;106
1347;106
1348;106
1349;106
1350;106
1351;106
1352;106
1353;106
1354;116
1355;116
1356;106
1357;106
1358;106
1359;106
1360;106
1361;118
1362;106
1363;106
1364;106
1365;106
1366;106
1367;106
1368;118
1369;106
1370;106
1371;106
1372;106
1373;106
1374;106
1375;106
1376;106
1377;106
1378;106
1379;106
1380;106
1381;106
1382;106
1383;106
1384;106
1385;106
1386;106
1387;106
1388;106
1389;106
1390;116
1391;106
1392;106
1393;106
1394;106
1395;106
1396;106
1397;106
1398;106
1399;106
1400;116
1401;116
1402;118
1403;118
1404;118
1405;106
1406;106
1407;106
1408;106
1409;106
1410;116
1411;106
1412;106
1413;106
1414;106
1415;116
1416;116
1417;116
1418;106
1419;106
1420;116
1421;106
1422;106
1423;106
1424;106
1425;106
1426;116
1427;106
1428;106
1429;106
1430;106
1431;106
1432;106
1433;106
1434;106
1435;106
1436;106
1437;106
1438;106
1439;106
1440;106
1441;116
1442;106
1443;106
1444;106
1445;106
1446;106
1447;106
1448;116
1449;116
1450;106
1451;116
1452;106
1453;106
1454;106
1455;106
1456;106
1457;106
1458;106
1459;106
1460;106
1461;106
1462;106
1463;106
1464;106
1465;106
1466;106
1467;106
1468;106
1469;106
1470;106
1471;106
1472;106
1473;106
1474;106
1475;106
1476;106
1477;106
1478;116
1479;109
1480;109
1481;109
1482;106
1483;109
1484;106
1485;106
1486;106
1487;106
1488;116
1489;106
1490;116
1491;106
1492;106
1493;106
1494;106
1495;106
1496;106
1497;106
1498;106
1499;106
1500;106
1501;106
1502;106
1503;106
1504;106
1505;106
1506;106
1507;106
1508;106
1509;106
1510;106
1511;106
1512;106
1513;106
1514;106
1515;106
1516;106
1517;106
1518;106
1519;106
1520;106
1521;106
1522;106
1523;106
1524;106
1525;106
1526;106
1527;107
1528;107
1529;107
1530;107
1531;107
1532;107
1533;107
1534;107
1535;107
1536;107
1537;107
1538;107
1539;107
1540;106
1541;106
1542;106
1543;106
1544;106
1545;106
1546;106
1547;106
1548;106
1549;106
1550;106
1551;106
1552;117
1553;106
1554;106
1555;106
1556;106
1557;106
1558;106
1559;106
1560;106
1561;106
1562;106
1563;106
1564;106
1565;106
1566;116
1567;106
1568;106
1569;106
1570;106
1571;106
1572;106
1573;109
1574;106
1575;106
1576;106
1577;106
1578;106
1579;106
1580;106
1581;106
1582;106
1583;106
1584;106
1585;106
1586;106
1587;106
1588;106
1589;106
1590;116
1591;116
1592;106
1593;106
1594;106
1595;106
1596;106
1597;106
1598;106
1599;106
1600;106
1601;106
1602;116
1603;106
1604;106
1605;106
1606;106
1607;106
1608;106
1609;106
1610;106
1611;116
1612;116
1613;106
1614;116
1615;106
1616;106
1617;106
1618;116
1619;116
1620;106
1621;116
1622;116
1623;116
1624;106
1625;106
1626;106
1627;106
1628;106
1629;106
1630;106
1631;106
1632;106
1633;106
1634;106
1635;106
1636;106
1637;106
1638;106
1639;106
1640;106
1641;106
1642;116
1643;106
1644;106
1645;106
1646;106
1647;106
1648;116
1649;116
1650;116
1651;106
1652;106
1653;106
1654;106
1655;116
1656;106
1657;106
1658;106
1659;106
1660;106
1661;106
1662;116
1663;116
1664;106
1665;106
1666;109
1667;109
1668;109
1669;109
1670;109
1671;109
1672;109
1673;109
1674;109
1675;109
1676;109
1677;109
1678;109
1679;109
1680;109
1681;109
1682;109
1683;109
1684;109
1685;109
1686;109
1687;109
1688;109
1689;109
1690;109
1691;109
1692;109
1693;109
1694;109
1695;109
1696;109
1697;109
1698;109
1699;109
1700;109
1701;109
1702;109
1703;109
1704;109
1705;109
1706;109
1707;109
1708;109
1709;109
1710;109
1711;109
1712;109
1713;109
1714;109
1715;109
1716;109
1717;109
1718;109
1719;109
1720;109
1721;109
1722;109
1723;109
1724;109
1725;109
1726;109
1727;109
1728;109
1729;109
1730;109
1731;109
1732;109
1733;109
1734;109
1735;109
1736;109
1737;106
1738;106
1739;106
1740;106
1741;106
1742;106
1743;106
1744;106
1745;106
1746;106
1747;106
1748;106
1749;106
1750;109
1751;109
1752;106
1753;106
1754;106
1755;106
1756;106
1757;106
1758;106
1759;116
1760;106
1761;106
1762;106
1763;109
1764;106
1765;116
1766;116
1767;116
1768;109
1769;109
1770;109
1771;109
1772;109
1773;109
1774;106
1775;106
1776;106
1777;106
1778;106
1779;106
1780;106
1781;106
1782;106
1783;109
1784;106
1785;109
1786;106
1787;106
1788;106
1789;106
1790;106
1791;106
1792;106
1793;106
1794;106
1795;106
1796;106
1797;106
1798;106
1799;106
1800;106
1801;106
1802;106
1803;106
1804;106
1805;106
1806;106
1807;106
1808;106
1809;106
1810;106
1811;106
1812;106
1813;106
1814;106
1815;106
1816;106
1817;106
1818;106
1819;106
1820;106
1821;106
1822;106
1823;106
1824;109
1825;109
1826;106
1827;108
1828;107
1829;107
1830;107
1831;107
1832;107
1833;117
1834;117
1835;117
1836;117
1837;117
1838;117
1839;117
1840;117
1841;117
1842;117
1843;117
1844;109
1845;109
1846;109
1847;109
1848;109
1849;109
1850;109
1851;109
1852;109
1853;109
1854;109
1855;109
1856;109
1857;109
1858;109
1859;109
1860;109
1861;109
1862;109
1863;109
1864;109
1865;109
1866;107
1867;107
1868;107
1869;107
1870;109
1871;109
1872;108
1873;108
1874;108
1875;108
1876;108
1877;108
1878;108
1879;108
1880;108
1881;108
1882;108
1883;108
1884;108
1885;108
1886;108
1887;108
1888;108
1889;108
1890;108
1891;108
1892;108
1893;108
1894;108
1895;108
1896;108
1897;108
1898;108
1899;108
1900;108
1901;108
1902;108
1903;108
1904;108
1905;108
1906;108
1907;108
1908;108
1909;108
1910;108
1911;108
1912;108
1913;108
1914;108
1915;108
1916;108
1917;108
1918;108
1919;108
1920;108
1921;108
1922;108
1923;108
1924;108
1925;108
1926;108
1927;108
1928;108
1929;108
1930;108
1931;108
1932;108
1933;108
1934;108
1935;108
1936;108
1937;108
1938;108
1939;108
1940;108
1941;108
1942;108
1943;108
1944;108
1945;108
1946;108
1947;108
1948;108
1949;108
1950;108
1951;108
1952;108
1953;108
1954;108
1955;108
1956;108
1957;108
1958;108
1959;108
1960;108
1961;108
1962;108
1963;108
1964;108
1965;110
1966;110
1967;110
1968;110
1969;110
1970;110
1971;110
1972;110
1973;110
1974;110
1975;110
1976;110
1977;110
1978;110
1979;110
1980;110
1981;110
1982;110
1983;110
1984;110
1985;110
1986;106
1987;106
1988;106
1989;109
1990;106
1991;106
1992;106
1993;106
1994;106
1995;106
1996;106
1997;106
1998;106
1999;106
2000;106
2001;109
2002;109
2003;109
2004;109
2005;109
2006;109
2007;109
2008;109
2009;106
2010;106
2011;106
2012;109
2013;106
2014;109
2015;106
2016;106
2017;106
2018;106
2019;106
2020;106
2021;106
2022;106
2023;106
2024;116
2025;106
2026;106
2027;106
2028;106
2029;106
2030;106
2031;106
2032;106
2033;106
2034;106
2035;106
2036;106
2037;106
2038;106
2039;106
2040;106
2041;106
2042;106
2043;106
2044;106
2045;106
2046;106
2047;106
2048;106
2049;106
2050;106
2051;106
2052;106
2053;106
2054;110
2055;108
2056;108
2057;108
2058;108
2059;108
2060;108
2061;108
2062;108
2063;108
2064;108
2065;108
2066;108
2067;108
2068;108
2069;106
2070;106
2071;106
2072;106
2073;106
2074;116
2075;106
2076;106
2077;106
2078;106
2079;106
2080;106
2081;106
2082;106
2083;116
2084;106
2085;106
2086;106
2087;106
2088;116
2089;116
2090;106
2091;106
2092;106
2093;106
2094;106
2095;106
2096;106
2097;106
2098;106
2099;106
2100;106
2101;106
2102;106
2103;106
2104;106
2105;106
2106;106
2107;106
2108;106
2109;116
2110;116
2111;106
2112;116
2113;106
2114;106
2115;106
2116;106
2117;106
2118;106
2119;106
2120;106
2121;106
2122;106
2123;106
2124;106
2125;106
2126;106
2127;106
2128;106
2129;106
2130;106
2131;106
2132;106
2133;111
2134;111
2135;111
2136;111
2137;111
2138;111
2139;111
2140;111
2141;111
2142;111
2143;111
2144;111
2145;111
2146;111
2147;111
2148;111
2149;111
2150;111
2151;111
2152;111
2153;111
2154;111
2155;111
2156;111
2157;111
2158;111
2159;111
2160;111
2161;111
2162;111
2163;111
2164;111
2165;111
2166;111
2167;111
2168;111
2169;111
2170;111
2171;111
2172;111
2173;111
2174;111
2175;111
2176;111
2177;111
2178;111
2179;111
2180;111
2181;111
2182;111
2183;111
2184;111
2185;111
2186;111
2187;111
2188;111
2189;111
2190;106
2191;106
2192;106
2193;106
2194;106
2195;110
2196;110
2197;110
2198;110
2199;110
2200;110
2201;110
2202;110
2203;110
2204;110
2205;110
2206;110
2207;117
2208;117
2209;117
2210;117
2211;110
2212;106
2213;106
2214;106
2215;106
2216;106
2217;106
2218;106
2219;116
2220;109
2221;106
2222;106
2223;106
2224;106
2225;116
2226;106
2227;106
2228;106
2229;106
2230;106
2231;106
2232;106
2233;106
2234;106
2235;106
2236;106
2237;116
2238;106
2239;116
2240;116
2241;106
2242;106
2243;106
2244;116
2245;116
2246;106
2247;109
2248;106
2249;106
2250;106
2251;106
2252;106
2253;106
2254;106
2255;106
2256;106
2257;116
2258;116
2259;106
2260;106
2261;116
2262;116
2263;106
2264;106
2265;106
2266;116
2267;106
2268;106
2269;106
2270;109
2271;109
2272;106
2273;116
2274;106
2275;116
2276;116
2277;116
2278;106
2279;106
2280;106
2281;106
2282;106
2283;106
2284;106
2285;106
2286;106
2287;106
2288;106
2289;106
2290;106
2291;106
2292;116
2293;106
2294;116
2295;106
2296;106
2297;116
2298;116
2299;109
2300;106
2301;106
2302;109
2303;106
2304;116
2305;106
2306;106
2307;106
2308;106
2309;116
2310;106
2311;106
2312;106
2313;106
2314;106
2315;109
2316;106
2317;116
2318;116
2319;116
2320;106
2321;106
2322;109
2323;106
2324;106
2325;106
2326;106
2327;109
2328;106
2329;116
2330;106
2331;106
2332;106
2333;106
2334;106
2335;106
2336;116
2337;111
2338;111
2339;111
2340;111
2341;108
2342;108
2343;116
2344;111
2345;111
2346;106
2347;116
2348;106
2349;108
2350;108
2351;108
2352;108
2353;108
2354;108
2355;108
2356;108
2357;108
2358;108
2359;108
2360;108
2361;108
2362;108
2363;108
2364;108
2365;108
2366;108
2367;108
2368;108
2369;108
2370;108
2371;108
2372;108
2373;108
2374;108
2375;108
2376;108
2377;108
2378;108
2379;108
2380;108
2381;108
2382;108
2383;108
2384;108
2385;108
2386;108
2387;108
2388;108
2389;108
2390;108
2391;108
2392;108
2393;108
2394;108
2395;108
2396;108
2397;108
2398;108
2399;108
2400;108
2401;108
2402;108
2403;108
2404;108
2405;108
2406;108
2407;108
2408;108
2409;108
2410;108
2411;108
2412;108
2413;108
2414;108
2415;108
2416;108
2417;108
2418;108
2419;108
2420;108
2421;108
2422;108
2423;108
2424;108
2425;108
2426;108
2427;108
2428;108
2429;108
2430;108
2431;108
2432;108
2433;108
2434;108
2435;108
2436;108
2437;108
2438;108
2439;108
2440;108
2441;108
2442;108
2443;108
2444;108
2445;108
2446;108
2447;108
2448;108
2449;108
2450;108
2451;108
2452;108
2453;108
2454;108
2455;108
2456;108
2457;108
2458;108
2459;108
2460;108
2461;108
2462;108
2463;108
2464;108
2465;108
2466;108
2467;108
2468;108
2469;108
2470;108
2471;108
2472;108
2473;108
2474;108
2475;108
2476;108
2477;108
2478;108
2479;108
2480;108
2481;108
2482;108
2483;108
2484;108
2485;108
2486;108
2487;108
2488;108
2489;108
2490;108
2491;108
2492;108
2493;108
2494;108
2495;108
2496;108
2497;108
2498;108
2499;108
2500;108
2501;108
2502;108
2503;108
2504;108
2505;108
2506;108
2507;108
2508;108
2509;108
2510;108
2511;108
2512;108
2513;108
2514;108
2515;108
2516;108
2517;108
2518;108
2519;108
2520;108
2521;108
2522;108
2523;108
2524;108
2525;108
2526;108
2527;108
2528;108
2529;108
2530;108
2531;108
2532;108
2533;108
2534;108
2535;108
2536;108
2537;108
2538;108
2539;108
2540;108
2541;108
2542;108
2543;108
2544;108
2545;108
2546;108
2547;108
2548;108
2549;108
2550;108
2551;108
2552;108
2553;108
2554;108
2555;108
2556;108
2557;108
2558;108
2559;108
2560;108
2561;108
2562;108
2563;108
2564;108
2565;108
2566;108
2567;108
2568;108
2569;108
2570;108
2571;108
2572;108
2573;108
2574;108
2575;108
2576;108
2577;108
2578;108
2579;108
2580;108
2581;108
2582;108
2583;108
2584;108
2585;108
2586;108
2587;108
2588;108
2589;108
2590;108
2591;108
2592;108
2593;108
2594;108
2595;108
2596;108
2597;108
2598;108
2599;108
2600;108
2601;108
2602;108
2603;108
2604;108
2605;108
2606;108
2607;108
2608;108
2609;108
2610;108
2611;108
2612;108
2613;108
2614;108
2615;108
2616;108
2617;108
2618;108
2619;108
2620;108
2621;108
2622;108
2623;108
2624;108
2625;108
2626;108
2627;108
2628;108
2629;108
2630;108
2631;108
2632;108
2633;108
2634;108
2635;108
2636;108
2637;108
2638;108
2639;108
2640;108
2641;108
2642;108
2643;108
2644;108
2645;108
2646;108
2647;108
2648;108
2649;108
2650;108
2651;108
2652;108
2653;108
2654;108
2655;108
2656;108
2657;108
2658;108
2659;108
2660;108
2661;108
2662;108
2663;108
2664;108
2665;108
2666;108
2667;108
2668;108
2669;108
2670;108
2671;108
2672;108
2673;108
2674;108
2675;108
2676;108
2677;116
2678;116
2679;116
2680;116
2681;116
2682;116
2683;116
2684;106
2685;106
2686;106
2687;106
2688;106
2689;106
2690;106
2691;106
2692;106
2693;106
2694;109
2695;109
2696;109
2697;109
2698;109
2699;109
2700;106
2701;106
2702;106
2703;106
2704;106
2705;109
2706;109
2707;109
2708;109
2709;109
2710;109
2711;109
2712;109
2713;109
2714;109
2715;109
2716;109
2717;109
2718;109
2719;109
2720;109
2721;109
2722;109
2723;109
2724;109
2725;109
2726;109
2727;109
2728;109
2729;107
2730;107
2731;107
2732;107
2733;108
2734;108
2735;108
2736;111
2737;111
2738;111
2739;111
2740;111
2741;111
2742;111
2743;111
2744;106
2745;106
2746;106
2747;106
2748;106
2749;108
2750;108
2751;108
2752;108
2753;108
2754;108
2755;108
2756;108
2757;108
2758;108
2759;108
2760;108
2761;108
2762;108
2763;108
2764;108
2765;108
2766;108
2767;108
2768;108
2769;108
2770;108
2771;108
2772;108
2773;108
2774;108
2775;108
2776;108
2777;108
2778;108
2779;108
2780;108
2781;108
2782;108
2783;108
2784;108
2785;108
2786;108
2787;110
2788;110
2789;106
2790;106
2791;106
2792;106
2793;116
2794;106
2795;106
2796;106
2797;106
2798;106
2799;116
2800;116
2801;106
2802;106
2803;106
2804;106
2805;106
2806;109
2807;106
2808;106
2809;116
2810;109
2811;109
2812;106
2813;116
2814;106
2815;106
2816;106
2817;116
2818;106
2819;106
2820;109
2821;106
2822;106
2823;116
2824;106
2825;109
2826;106
2827;106
2828;106
2829;106
2830;106
2831;106
2832;106
2833;106
2834;116
2835;116
2836;116
2837;106
2838;106
2839;106
2840;106
2841;116
2842;116
2843;109
2844;116
2845;116
2846;106
2847;106
2848;106
2849;106
2850;106
2851;106
2852;106
2853;106
2854;106
2855;106
2856;106
2857;106
2858;106
2859;106
2860;106
2861;106
2862;106
2863;106
2864;106
2865;106
2866;106
2867;106
2868;106
2869;106
2870;109
2871;109
2872;109
2873;106
2874;109
2875;109
2876;109
2877;106
2878;106
2879;116
2880;106
2881;109
2882;106
2883;108
2884;108
2885;108
2886;108
2887;108
2888;108
2889;108
2890;109
2891;109
2892;109
2893;109
2894;109
2895;117
2896;106
2897;116
2898;109
2899;106
2900;106
2901;106
2902;106
2903;106
2904;106
2905;106
2906;106
2907;106
2908;106
2909;106
2910;106
2911;106
2912;106
2913;106
2914;106
2915;106
2916;106
2917;111
2918;106
2919;106
2920;106
2921;106
2922;106
2923;106
2924;106
2925;106
2926;106
2927;106
2928;106
2929;106
2930;110
2931;110
2932;110
2933;110
2934;110
2935;110
2936;110
2937;108
2938;108
2939;110
2940;110
2941;110
2942;108
2943;108
2944;108
2945;108
2946;108
2947;108
2948;108
2949;108
2950;108
2951;108
2952;108
2953;108
2954;108
2955;116
2956;116
2957;116
2958;116
2959;116
2960;116
2961;116
2962;116
2963;116
2964;116
2965;116
2966;109
2967;106
2968;108
2969;108
2970;108
2971;108
2972;108
2973;108
2974;108
2975;108
2976;108
2977;108
2978;108
2979;108
2980;108
2981;108
2982;108
2983;108
2984;108
2985;108
2986;108
2987;108
2988;108
2989;108
2990;108
2991;108
2992;108
2993;108
2994;108
2995;108
2996;108
2997;108
2998;108
2999;108
3000;108
3001;108
3002;108
3003;108
3004;108
3005;108
3006;108
3007;108
3008;108
3009;108
3010;108
3011;108
3012;108
3013;108
3014;108
3015;108
3016;108
3017;108
3018;108
3019;108
3020;108
3021;108
3022;108
3023;108
3024;116
3025;116
3026;116
3027;116
3028;116
3029;116
3030;116
3031;116
3032;116
3033;116
3034;116
3035;116
3036;116
3037;116
3038;116
3039;116
3040;116
3041;116
3042;116
3043;116
3044;116
3045;116
3046;116
3047;116
3048;116
3049;116
3050;116
3051;116
3052;116
3053;116
3054;116
3055;116
3056;116
3057;116
3058;116
3059;116
3060;116
3061;108
3062;108
3063;108
3064;108
3065;108
3066;108
3067;108
3068;108
3069;108
3070;108
3071;108
3072;108
3073;108
3074;108
3075;108
3076;108
3077;108
3078;108
3079;108
3080;108
3081;108
3082;108
3083;108
3084;108
3085;108
3086;106
3087;106
3088;117
3089;106
3090;106
3091;106
3092;106
3093;106
3094;116
3095;106
3096;116
3097;106
3098;106
3099;116
3100;106
3101;106
3102;106
3103;116
3104;106
3105;106
3106;106
3107;106
3108;106
3109;106
3110;106
3111;106
3112;106
3113;106
3114;106
3115;106
3116;106
3117;106
3118;106
3119;106
3120;106
3121;106
3122;106
3123;106
3124;106
3125;106
3126;116
3127;116
3128;106
3129;106
3130;106
3131;116
3132;106
3133;116
3134;106
3135;106
3136;106
3137;106
3138;106
3139;106
3140;106
3141;117
3142;117
3143;109
3144;117
3145;117
3146;117
3147;117
3148;117
3149;117
3150;117
3151;107
3152;107
3153;108
3154;108
3155;106
3156;106
3157;106
3158;106
3159;106
3160;106
3161;106
3162;106
3163;106
3164;116
3165;106
3166;106
3167;106
3168;106
3169;106
3170;106
3171;106
3172;106
3173;106
3174;106
3175;106
3176;106
3177;106
3178;106
3179;106
3180;106
3181;106
3182;116
3183;116
3184;106
3185;106
3186;106
3187;116
3188;106
3189;106
3190;106
3191;116
3192;106
3193;106
3194;116
3195;106
3196;116
3197;106
3198;106
3199;106
3200;106
3201;106
3202;106
3203;106
3204;116
3205;106
3206;106
3207;106
3208;106
3209;106
3210;106
3211;106
3212;106
3213;106
3214;106
3215;106
3216;106
3217;106
3218;106
3219;106
3220;106
3221;106
3222;106
3223;106
3224;106
3225;106
3226;116
3227;106
3228;106
3229;106
3230;106
3231;106
3232;106
3233;106
3234;106
3235;106
3236;106
3237;106
3238;116
3239;106
3240;106
3241;106
3242;106
3243;106
3244;106
3245;106
3246;106
3247;116
3248;116
3249;106
3250;106
3251;116
3252;106
3253;106
3254;116
3255;106
3256;116
3257;106
3258;106
3259;106
3260;106
3261;106
3262;116
3263;116
3264;116
3265;116
3266;106
3267;106
3268;106
3269;116
3270;106
3271;106
3272;106
3273;116
3274;109
3275;109
3276;106
3277;109
3278;106
3279;106
3280;106
3281;106
3282;106
3283;106
3284;116
3285;106
3286;116
3287;106
3288;106
3289;106
3290;106
3291;106
3292;106
3293;106
3294;106
3295;106
3296;106
3297;106
3298;106
3299;106
3300;106
3301;106
3302;116
3303;116
3304;106
3305;106
3306;106
3307;106
3308;106
3309;116
3310;106
3311;106
3312;106
3313;106
3314;106
3315;106
3316;106
3317;106
3318;106
3319;106
3320;106
3321;116
3322;106
3323;106
3324;106
3325;106
3326;106
3327;106
3328;116
3329;109
3330;109
3331;106
3332;106
3333;109
3334;109
3335;106
3336;106
3337;106
3338;106
3339;116
3340;106
3341;106
3342;106
3343;116
3344;106
3345;106
3346;106
3347;116
3348;106
3349;106
3350;106
3351;116
3352;106
3353;116
3354;116
3355;109
3356;106
3357;106
3358;106
3359;106
3360;106
3361;106
3362;106
3363;106
3364;106
3365;106
3366;116
3367;106
3368;106
3369;109
3370;106
3371;106
3372;106
3373;106
3374;109
3375;106
3376;116
3377;106
3378;106
3379;116
3380;106
3381;106
3382;117
3383;106
3384;106
3385;106
3386;109
3387;106
3388;106
3389;106
3390;109
3391;106
3392;106
3393;106
3394;106
3395;106
3396;116
3397;116
3398;116
3399;116
3400;106
3401;106
3402;106
3403;106
3404;106
3405;106
3406;109
3407;106
3408;109
3409;109
3410;109
3411;106
3412;109
3413;109
3414;109
3415;109
3416;109
3417;109
3418;109
3419;109
3420;109
3421;109
3422;109
3423;109
3424;109
3425;109
3426;109
3427;109
3428;109
3429;109
3430;109
3431;109
3432;109
3433;109
3434;109
3435;109
3436;106
3437;109
3438;109
3439;109
3440;109
3441;106
3442;106
3443;109
3444;106
3445;109
3446;109
3447;109
3448;109
3449;109
3450;109
3451;109
3452;109
3453;116
3454;116
3455;116
3456;116
3457;116
3458;116
3459;116
3460;116
3461;116
3462;116
3463;116
3464;116
3465;116
3466;108
3467;108
3468;108
3469;108
3470;108
3471;108
3472;108
3473;108
3474;108
3475;110
3476;110
3477;110
3478;110
3479;108
3480;108
3481;108
3482;108
3483;108
3484;108
3485;108
3486;106
3487;106
3488;116
3489;116
3490;106
3491;106
3492;106
3493;106
3494;116
3495;116
3496;116
3497;106
3498;116
3499;106
3500;106
3501;106
3502;106
3503;118
3504;118
3505;118
3506;109
3507;109
3508;109
3509;106
3510;106
3511;106
3512;106
3513;106
3514;106
3515;106
3516;106
3517;106
3518;106
3519;106
3520;106
3521;106
3522;106
3523;106
3524;106
3525;106
3526;106
3527;106
3528;106
3529;106
3530;106
3531;106
3532;106
3533;106
3534;106
3535;106
3536;106
3537;106
3538;106
3539;106
3540;106
3541;106
3542;116
3543;106
3544;116
3545;106
3546;106
3547;106
3548;106
3549;106
3550;106
3551;106
3552;106
3553;106
3554;106
3555;106
3556;116
3557;106
3558;106
3559;106
3560;116
3561;116
3562;106
3563;106
3564;109
3565;109
3566;109
3567;106
3568;116
3569;106
3570;106
3571;116
3572;106
3573;111
3574;106
3575;106
3576;106
3577;109
3578;109
3579;109
3580;109
3581;106
3582;116
3583;116
3584;109
3585;106
3586;106
3587;116
3588;109
3589;109
3590;106
3591;109
3592;106
3593;106
3594;106
3595;106
3596;106
3597;106
3598;116
3599;116
3600;116
3601;106
3602;106
3603;116
3604;106
3605;116
3606;106
3607;116
3608;109
3609;106
3610;109
3611;106
3612;106
3613;106
3614;106
3615;106
3616;116
3617;116
3618;116
3619;116
3620;116
3621;106
3622;106
3623;106
3624;116
3625;116
3626;106
3627;106
3628;106
3629;106
3630;106
3631;109
3632;106
3633;106
3634;106
3635;116
3636;106
3637;109
3638;106
3639;106
3640;106
3641;116
3642;109
3643;109
3644;106
3645;106
3646;106
3647;106
3648;106
3649;106
3650;106
3651;106
3652;106
3653;106
3654;106
3655;116
3656;106
3657;106
3658;106
3659;106
3660;106
3661;106
3662;106
3663;106
3664;106
3665;106
3666;106
3667;106
3668;106
3669;106
3670;106
3671;106
3672;106
3673;106
3674;106
3675;106
3676;106
3677;116
3678;116
3679;116
3680;106
3681;106
3682;106
3683;106
3684;106
3685;106
3686;106
3687;106
3688;106
3689;106
3690;106
3691;106
3692;109
3693;106
3694;116
3695;116
3696;106
3697;106
3698;106
3699;116
3700;106
3701;106
3702;106
3703;106
3704;106
3705;109
3706;106
3707;106
3708;106
3709;106
3710;116
3711;116
3712;106
3713;116
3714;106
3715;106
3716;106
3717;106
3718;106
3719;106
3720;106
3721;106
3722;109
3723;106
3724;106
3725;106
3726;106
3727;109
3728;116
3729;106
3730;106
3731;106
3732;116
3733;106
3734;116
3735;106
3736;106
3737;116
3738;116
3739;106
3740;116
3741;116
3742;106
3743;106
3744;106
3745;106
3746;106
3747;109
3748;109
3749;106
3750;116
3751;106
3752;106
3753;109
3754;106
3755;109
3756;109
3757;109
3758;106
3759;106
3760;116
3761;106
3762;106
3763;106
3764;109
3765;108
3766;108
3767;108
3768;108
3769;108
3770;108
3771;108
3772;108
3773;108
3774;108
3775;108
3776;108
3777;108
3778;108
3779;108
3780;108
3781;108
3782;108
3783;108
3784;108
3785;110
3786;110
3787;106
3788;106
3789;111
3790;111
3791;111
3792;106
3793;111
3794;106
3795;106
3796;106
3797;106
3798;111
3799;111
3800;111
3801;111
3802;111
3803;111
3804;111
3805;116
3806;116
3807;106
3808;107
3809;107
3810;107
3811;107
3812;107
3813;107
3814;107
3815;107
3816;107
3817;107
3818;107
3819;107
3820;110
3821;116
3822;116
3823;116
3824;116
3825;116
3826;116
3827;116
3828;116
3829;116
3830;116
3831;116
3832;116
3833;116
3834;116
3835;116
3836;116
3837;116
3838;116
3839;116
3840;116
3841;116
3842;116
3843;116
3844;116
3845;116
3846;116
3847;116
3848;116
3849;116
3850;116
3851;116
3852;116
3853;116
3854;116
3855;116
3856;116
3857;116
3858;116
3859;116
3860;116
3861;111
3862;111
3863;111
3864;107
3865;116
3866;111
3867;111
3868;111
3869;111
3870;111
3871;116
3872;116
3873;116
3874;116
3875;116
3876;116
3877;116
3878;116
3879;116
3880;116
3881;116
3882;108
3883;116
3884;116
3885;116
3886;116
3887;116
3888;116
3889;116
3890;107
3891;111
3892;111
3893;111
3894;111
3895;111
3896;111
3897;111
3898;111
3899;111
3900;111
3901;111
3902;111
3903;111
3904;111
3905;111
3906;111
3907;111
3908;111
3909;111
3910;111
3911;111
3912;111
3913;116
3914;111
3915;116
3916;116
3917;116
3918;116
3919;111
3920;116
3921;116
3922;116
3923;116
3924;116
3925;116
3926;117
3927;117
3928;117
3929;116
3930;116
3931;116
3932;116
3933;116
3934;116
3935;116
3936;116
3937;116
3938;116
3939;116
3940;116
3941;116
3942;116
3943;116
3944;108
3945;108
3946;108
3947;108
3948;108
3949;108
3950;108
3951;108
3952;108
3953;108
3954;108
3955;108
3956;108
3957;106
3958;106
3959;106
3960;116
3961;106
3962;106
3963;106
3964;116
3965;116
3966;116
3967;116
3968;116
3969;106
3970;116
3971;116
3972;106
3973;106
3974;106
3975;106
3976;106
3977;116
3978;106
3979;116
3980;106
3981;106
3982;106
3983;106
3984;106
3985;106
3986;106
3987;116
3988;106
3989;116
3990;106
3991;106
3992;116
3993;106
3994;106
3995;106
3996;106
3997;106
3998;106
3999;106
4000;116
4001;106
4002;108
4003;108
4004;108
4005;108
4006;108
4007;108
4008;108
4009;108
4010;108
4011;108
4012;108
4013;108
4014;108
4015;108
4016;108
4017;108
4018;108
4019;108
4020;108
4021;108
4022;108
4023;108
4024;108
4025;108
4026;108
4027;108
4028;108
4029;108
4030;108
4031;108
4032;108
4033;108
4034;108
4035;108
4036;108
4037;108
4038;108
4039;108
4040;108
4041;108
4042;108
4043;108
4044;108
4045;108
4046;108
4047;108
4048;108
4049;108
4050;108
4051;108
4052;108
4053;108
4054;108
4055;108
4056;108
4057;108
4058;108
4059;108
4060;108
4061;108
4062;108
4063;108
4064;108
4065;108
4066;108
4067;108
4068;108
4069;108
4070;108
4071;108
4072;108
4073;108
4074;108
4075;108
4076;108
4077;108
4078;108
4079;108
4080;116
4081;116
4082;116
4083;116
4084;116
4085;106
4086;106
4087;106
4088;111
4089;111
4090;111
4091;111
4092;111
4093;111
4094;111
4095;111
4096;111
4097;111
4098;111
4099;111
4100;111
4101;111
4102;111
4103;111
4104;111
4105;111
4106;111
4107;111
4108;111
4109;111
4110;111
4111;111
4112;111
4113;111
4114;111
4115;111
4116;111
4117;111
4118;111
4119;111
4120;111
4121;111
4122;111
4123;111
4124;111
4125;111
4126;111
4127;111
4128;111
4129;111
4130;111
4131;111
4132;111
4133;111
4134;111
4135;111
4136;111
4137;111
4138;111
4139;111
4140;111
4141;111
4142;111
4143;111
4144;111
4145;111
4146;111
4147;111
4148;111
4149;111
4150;111
4151;111
4152;111
4153;111
4154;111
4155;111
4156;111
4157;111
4158;111
4159;111
4160;111
4161;111
4162;111
4163;111
4164;111
4165;111
4166;111
4167;111
4168;111
4169;111
4170;111
4171;111
4172;111
4173;111
4174;111
4175;111
4176;111
4177;111
4178;111
4179;111
4180;111
4181;111
4182;111
4183;111
4184;111
4185;111
4186;111
4187;111
4188;111
4189;111
4190;106
4191;106
4192;106
4193;116
4194;116
4195;116
4196;106
4197;116
4198;106
4199;106
4200;106
4201;106
4202;116
4203;116
4204;106
4205;106
4206;106
4207;106
4208;106
4209;106
4210;116
4211;106
4212;106
4213;106
4214;106
4215;106
4216;106
4217;106
4218;106
4219;116
4220;116
4221;106
4222;106
4223;106
4224;106
4225;116
4226;106
4227;106
4228;106
4229;106
4230;106
4231;106
4232;116
4233;106
4234;116
4235;106
4236;106
4237;106
4238;106
4239;106
4240;106
4241;106
4242;106
4243;106
4244;106
4245;106
4246;106
4247;106
4248;106
4249;106
4250;106
4251;106
4252;106
4253;106
4254;106
4255;106
4256;106
4257;106
4258;106
4259;116
4260;116
4261;106
4262;106
4263;106
4264;106
4265;108
4266;108
4267;108
4268;108
4269;108
4270;108
4271;108
4272;108
4273;108
4274;108
4275;108
4276;108
4277;108
4278;108
4279;108
4280;108
4281;108
4282;108
4283;108
4284;108
4285;108
4286;108
4287;108
4288;108
4289;108
4290;108
4291;108
4292;108
4293;108
4294;108
4295;108
4296;108
4297;108
4298;108
4299;108
4300;108
4301;108
4302;108
4303;108
4304;108
4305;108
4306;108
4307;108
4308;108
4309;108
4310;108
4311;108
4312;108
4313;108
4314;108
4315;108
4316;108
4317;108
4318;108
4319;108
4320;108
4321;108
4322;108
4323;108
4324;108
4325;108
4326;108
4327;108
4328;108
4329;108
4330;108
4331;108
4332;108
4333;108
4334;108
4335;108
4336;108
4337;108
4338;108
4339;108
4340;108
4341;108
4342;108
4343;108
4344;108
4345;108
4346;108
4347;108
4348;108
4349;108
4350;108
4351;108
4352;108
4353;108
4354;108
4355;108
4356;108
4357;108
4358;108
4359;108
4360;108
4361;108
4362;108
4363;108
4364;108
4365;108
4366;108
4367;108
4368;108
4369;108
4370;108
4371;108
4372;108
4373;108
4374;108
4375;108
4376;108
4377;108
4378;108
4379;108
4380;108
4381;108
4382;108
4383;108
4384;108
4385;108
4386;108
4387;108
4388;108
4389;108
4390;108
4391;108
4392;108
4393;108
4394;108
4395;108
4396;108
4397;108
4398;108
4399;108
4400;108
4401;108
4402;108
4403;108
4404;108
4405;108
4406;108
4407;108
4408;108
4409;108
4410;108
4411;108
4412;108
4413;108
4414;108
4415;108
4416;108
4417;108
4418;108
4419;108
4420;108
4421;108
4422;108
4423;108
4424;108
4425;108
4426;108
4427;108
4428;106
4429;106
4430;106
4431;106
4432;116
4433;106
4434;106
4435;106
4436;116
4437;116
4438;106
4439;106
4440;106
4441;106
4442;109
4443;109
4444;116
4445;116
4446;116
4447;116
4448;116
4449;116
4450;116
4451;116
4452;116
4453;116
4454;116
4455;116
4456;116
4457;106
4458;106
4459;106
4460;106
4461;106
4462;106
4463;106
4464;106
4465;109
4466;106
4467;106
4468;106
4469;106
4470;106
4471;106
4472;106
4473;116
4474;106
4475;106
4476;106
4477;110
4478;110
4479;110
4480;110
4481;110
4482;110
4483;110
4484;110
4485;110
4486;110
4487;110
4488;110
4489;106
4490;106
4491;116
4492;106
4493;116
4494;106
4495;106
4496;106
4497;116
4498;106
4499;116
4500;106
4501;109
4502;106
4503;106
4504;106
4505;106
4506;106
4507;106
4508;106
4509;106
4510;106
4511;116
4512;109
4513;109
4514;116
4515;106
4516;106
4517;106
4518;116
4519;109
4520;106
4521;106
4522;116
4523;116
4524;106
4525;106
4526;106
4527;106
4528;116
4529;116
4530;116
4531;106
4532;106
4533;106
4534;116
4535;116
4536;108
4537;108
4538;116
4539;116
4540;116
4541;116
4542;116
4543;116
4544;116
4545;116
4546;116
4547;116
4548;116
4549;116
4550;116
4551;116
4552;116
4553;116
4554;116
4555;116
4556;116
4557;116
4558;116
4559;116
4560;116
4561;116
4562;116
4563;116
4564;116
4565;116
4566;116
4567;116
4568;116
4569;108
4570;108
4571;108
4572;108
4573;108
4574;108
4575;108
4576;108
4577;108
4578;108
4579;108
4580;108
4581;108
4582;108
4583;108
4584;108
4585;108
4586;108
4587;108
4588;108
4589;108
4590;108
4591;108
4592;108
4593;108
4594;108
4595;108
4596;108
4597;108
4598;108
4599;108
4600;108
4601;108
4602;118
4603;116
4604;116
4605;106
4606;116
4607;106
4608;109
4609;106
4610;116
4611;106
4612;106
4613;116
4614;116
4615;106
4616;116
4617;106
4618;106
4619;116
4620;116
4621;106
4622;116
4623;106
4624;116
4625;106
4626;106
4627;106
4628;116
4629;106
4630;116
4631;106
4632;116
4633;116
4634;116
4635;106
4636;116
4637;106
4638;109
4639;106
4640;116
4641;106
4642;116
4643;116
4644;106
4645;106
4646;106
4647;116
4648;116
4649;106
4650;116
4651;106
4652;106
4653;116
4654;106
4655;106
4656;106
4657;106
4658;106
4659;106
4660;106
4661;116
4662;106
4663;106
4664;106
4665;106
4666;116
4667;106
4668;116
4669;106
4670;106
4671;116
4672;116
4673;106
4674;106
4675;109
4676;106
4677;106
4678;106
4679;116
4680;106
4681;106
4682;106
4683;116
4684;106
4685;106
4686;106
4687;106
4688;106
4689;106
4690;109
4691;106
4692;106
4693;106
4694;106
4695;106
4696;116
4697;106
4698;106
4699;106
4700;106
4701;106
4702;106
4703;116
4704;106
4705;106
4706;106
4707;106
4708;106
4709;106
4710;106
4711;106
4712;106
4713;116
4714;106
4715;106
4716;106
4717;106
4718;106
4719;106
4720;106
4721;106
4722;106
4723;116
4724;106
4725;106
4726;106
4727;106
4728;106
4729;106
4730;106
4731;106
4732;106
4733;106
4734;106
4735;106
4736;106
4737;106
4738;106
4739;106
4740;118
4741;118
4742;118
4743;118
4744;116
4745;111
4746;111
4747;112
4748;112
4749;112
4750;112
4751;112
4752;112
4753;116
4754;112
4755;108
4756;108
4757;108
4758;108
4759;108
4760;108
4761;108
4762;108
4763;108
4764;108
4765;108
4766;108
4767;108
4768;108
4769;108
4770;108
4771;108
4772;108
4773;108
4774;108
4775;108
4776;108
4777;108
4778;108
4779;108
4780;108
4781;108
4782;108
4783;108
4784;108
4785;108
4786;108
4787;108
4788;108
4789;108
4790;108
4791;108
4792;108
4793;108
4794;108
4795;108
4796;108
4797;108
4798;108
4799;108
4800;108
4801;108
4802;108
4803;108
4804;108
4805;112
4806;116
4807;113
4808;113
4809;113
4810;113
4811;113
4812;113
4813;113
4814;113
4815;113
4816;113
4817;113
4818;113
4819;113
4820;113
4821;113
4822;113
4823;113
4824;113
4825;113
4826;113
4827;113
4828;113
4829;113
4830;113
4831;113
4832;113
4833;108
4834;108
4835;108
4836;112
4837;112
4838;116
4839;112
4840;112
4841;112
4842;116
4843;116
4844;118
4845;118
4846;118
4847;112
4848;116
4849;116
4850;116
4851;112
4852;112
4853;112
4854;112
4855;116
4856;116
4857;116
4858;109
4859;109
4860;112
4861;116
4862;111
4863;111
4864;111
4865;111
4866;111
4867;112
4868;112
4869;112
4870;112
4871;112
4872;112
4873;112
4874;116
4875;112
4876;112
4877;112
4878;112
4879;112
4880;116
4881;112
4882;116
4883;116
4884;109
4885;108
4886;108
4887;108
4888;108
4889;108
4890;108
4891;108
4892;108
4893;108
4894;108
4895;108
4896;108
4897;108
4898;108
4899;108
4900;108
4901;108
4902;108
4903;108
4904;108
4905;108
4906;108
4907;108
4908;108
4909;108
4910;112
4911;112
4912;112
4913;112
4914;112
4915;116
4916;112
4917;112
4918;112
4919;112
4920;112
4921;109
4922;112
4923;112
4924;116
4925;112
4926;112
4927;109
4928;109
4929;109
4930;112
4931;112
4932;112
4933;112
4934;112
4935;112
4936;109
4937;112
4938;112
4939;109
4940;109
4941;109
4942;109
4943;109
4944;112
4945;109
4946;112
4947;112
4948;112
4949;116
4950;112
4951;112
4952;112
4953;112
4954;112
4955;116
4956;116
4957;112
4958;112
4959;112
4960;112
4961;112
4962;112
4963;116
4964;116
4965;116
4966;112
4967;112
4968;112
4969;112
4970;112
4971;112
4972;112
4973;112
4974;116
4975;116
4976;116
4977;112
4978;116
4979;112
4980;112
4981;112
4982;112
4983;112
4984;112
4985;112
4986;112
4987;116
4988;112
4989;112
4990;116
4991;116
4992;112
4993;112
4994;112
4995;116
4996;116
4997;112
4998;112
4999;112
5000;112
5001;112
5002;112
5003;116
5004;116
5005;112
5006;112
5007;112
5008;112
5009;112
5010;112
5011;112
5012;112
5013;116
5014;112
5015;112
5016;112
5017;112
5018;112
5019;112
5020;112
5021;112
5022;112
5023;112
5024;112
5025;112
5026;112
5027;112
5028;112
5029;112
5030;112
5031;112
5032;112
5033;112
5034;112
5035;109
5036;112
5037;116
5038;112
5039;112
5040;112
5041;112
5042;112
5043;112
5044;109
5045;112
5046;112
5047;112
5048;112
5049;112
5050;112
5051;116
5052;112
5053;112
5054;112
5055;116
5056;116
5057;112
5058;112
5059;112
5060;112
5061;112
5062;112
5063;116
5064;112
5065;112
5066;112
5067;116
5068;116
5069;112
5070;112
5071;112
5072;112
5073;112
5074;116
5075;116
5076;112
5077;112
5078;112
5079;112
5080;112
5081;112
5082;109
5083;112
5084;110
5085;110
5086;110
5087;110
5088;110
5089;110
5090;110
5091;110
5092;110
5093;110
5094;110
5095;110
5096;110
5097;110
5098;110
5099;110
5100;109
5101;116
5102;111
5103;111
5104;111
5105;111
5106;111
5107;111
5108;111
5109;111
5110;116
5111;116
5112;116
5113;116
5114;116
5115;116
5116;116
5117;108
5118;108
5119;108
5120;108
5121;108
5122;111
5123;111
5124;111
5125;111
5126;111
5127;111
5128;111
5129;111
5130;111
5131;111
5132;111
5133;111
5134;111
5135;111
5136;111
5137;111
5138;111
5139;111
5140;111
5141;111
5142;111
5143;111
5144;111
5145;111
5146;111
5147;111
5148;111
5149;111
5150;111
5151;111
5152;111
5153;111
5154;111
5155;111
5156;111
5157;108
5158;108
5159;108
5160;108
5161;116
5162;116
5163;116
5164;116
5165;116
5166;116
5167;116
5168;116
5169;116
5170;112
5171;112
5172;112
5173;112
5174;112
5175;112
5176;112
5177;116
5178;116
5179;112
5180;112
5181;112
5182;112
5183;112
5184;112
5185;112
5186;112
5187;112
5188;112
5189;112
5190;112
5191;112
5192;112
5193;112
5194;112
5195;112
5196;112
5197;112
5198;112
5199;112
5200;112
5201;112
5202;112
5203;112
5204;112
5205;112
5206;112
5207;112
5208;112
5209;112
5210;112
5211;112
5212;112
5213;112
5214;112
5215;112
5216;112
5217;112
5218;112
5219;112
5220;112
5221;112
5222;116
5223;112
5224;112
5225;112
5226;118
5227;112
5228;116
5229;112
5230;112
5231;112
5232;116
5233;116
5234;116
5235;116
5236;112
5237;112
5238;116
5239;116
5240;112
5241;112
5242;112
5243;112
5244;112
5245;112
5246;112
5247;112
5248;109
5249;112
5250;112
5251;112
5252;112
5253;112
5254;112
5255;116
5256;116
5257;116
5258;112
5259;116
5260;116
5261;112
5262;112
5263;112
5264;112
5265;112
5266;109
5267;109
5268;109
5269;109
5270;112
5271;112
5272;112
5273;112
5274;112
5275;112
5276;116
5277;109
5278;109
5279;112
5280;112
5281;112
5282;112
5283;109
5284;112
5285;112
5286;109
5287;116
5288;112
5289;112
5290;112
5291;109
5292;112
5293;112
5294;112
5295;112
5296;112
5297;112
5298;112
5299;112
5300;112
5301;112
5302;112
5303;109
5304;112
5305;112
5306;112
5307;112
5308;117
5309;117
5310;112
5311;112
5312;112
5313;112
5314;112
5315;112
5316;112
5317;112
5318;112
5319;112
5320;112
5321;112
5322;112
5323;112
5324;112
5325;112
5326;112
5327;112
5328;112
5329;116
5330;116
5331;116
5332;116
5333;116
5334;116
5335;116
5336;116
5337;116
5338;116
5339;116
5340;116
5341;116
5342;116
5343;116
5344;116
5345;116
5346;116
5347;116
5348;116
5349;116
5350;116
5351;116
5352;116
5353;116
5354;116
5355;116
5356;116
5357;116
5358;116
5359;116
5360;116
5361;116
5362;116
5363;116
5364;112
5365;112
5366;112
5367;112
5368;112
5369;112
5370;112
5371;112
5372;112
5373;112
5374;112
5375;112
5376;112
5377;112
5378;112
5379;112
5380;112
5381;112
5382;112
5383;112
5384;112
5385;112
5386;112
5387;112
5388;112
5389;112
5390;112
5391;112
5392;112
5393;112
5394;112
5395;112
5396;112
5397;112
5398;112
5399;112
5400;112
5401;112
5402;112
5403;112
5404;112
5405;112
5406;112
5407;112
5408;112
5409;112
5410;112
5411;112
5412;112
5413;112
5414;112
5415;112
5416;112
5417;112
5418;112
5419;112
5420;112
5421;112
5422;112
5423;112
5424;112
5425;112
5426;112
5427;112
5428;112
5429;112
5430;116
5431;112
5432;116
5433;112
5434;116
5435;111
5436;112
5437;112
5438;112
5439;112
5440;112
5441;112
5442;112
5443;112
5444;112
5445;112
5446;112
5447;112
5448;112
5449;112
5450;112
5451;112
5452;116
5453;116
5454;108
5455;108
5456;108
5457;108
5458;108
5459;108
5460;108
5461;108
5462;108
5463;108
5464;108
5465;108
5466;108
5467;108
5468;108
5469;108
5470;108
5471;108
5472;108
5473;108
5474;108
5475;108
5476;108
5477;108
5478;108
5479;108
5480;108
5481;108
5482;108
5483;108
5484;108
5485;108
5486;108
5487;108
5488;108
5489;108
5490;108
5491;108
5492;108
5493;108
5494;108
5495;108
5496;108
5497;108
5498;108
5499;108
5500;108
5501;108
5502;108
5503;108
5504;108
5505;108
5506;108
5507;112
5508;116
5509;116
5510;116
5511;112
5512;112
5513;112
5514;112
5515;112
5516;116
5517;112
5518;112
5519;112
5520;112
5521;112
5522;112
5523;112
5524;116
5525;112
5526;112
5527;112
5528;112
5529;116
5530;116
5531;112
5532;112
5533;112
5534;112
5535;112
5536;112
5537;112
5538;112
5539;112
5540;112
5541;112
5542;112
5543;112
5544;112
5545;112
5546;112
5547;112
5548;112
5549;112
5550;112
5551;112
5552;112
5553;112
5554;112
5555;112
5556;112
5557;112
5558;112
5559;112
5560;112
5561;112
5562;112
5563;116
5564;112
5565;112
5566;112
5567;112
5568;112
5569;112
5570;112
5571;112
5572;112
5573;112
5574;112
5575;116
5576;112
5577;112
5578;112
5579;112
5580;112
5581;112
5582;112
5583;112
5584;112
5585;112
5586;112
5587;112
5588;112
5589;112
5590;112
5591;112
5592;112
5593;112
5594;112
5595;112
5596;112
5597;112
5598;113
5599;113
5600;113
5601;113
5602;113
5603;113
5604;113
5605;113
5606;113
5607;113
5608;113
5609;113
5610;113
5611;113
5612;112
5613;116
5614;116
5615;116
5616;116
5617;112
5618;112
5619;116
5620;112
5621;116
5622;112
5623;116
5624;112
5625;116
5626;112
5627;112
5628;108
5629;108
5630;112
5631;112
5632;116
5633;116
5634;116
5635;116
5636;116
5637;116
5638;116
5639;116
5640;116
5641;116
5642;116
5643;116
5644;116
5645;116
5646;116
5647;116
5648;116
5649;116
5650;116
5651;116
5652;116
5653;116
5654;116
5655;116
5656;116
5657;116
5658;116
5659;116
5660;116
5661;116
5662;116
5663;116
5664;116
5665;116
5666;116
5667;116
5668;116
5669;116
5670;116
5671;116
5672;116
5673;116
5674;116
5675;116
5676;116
5677;116
5678;116
5679;116
5680;116
5681;112
5682;112
5683;116
5684;111
5685;111
5686;111
5687;111
5688;111
5689;112
5690;112
5691;116
5692;116
5693;112
5694;116
5695;112
5696;112
5697;112
5698;112
5699;112
5700;109
5701;116
5702;116
5703;112
5704;116
5705;112
5706;112
5707;112
5708;116
5709;116
5710;116
5711;112
5712;112
5713;116
5714;116
5715;112
5716;112
5717;116
5718;116
5719;116
5720;116
5721;112
5722;112
5723;116
5724;116
5725;112
5726;112
5727;116
5728;116
5729;112
5730;112
5731;112
5732;112
5733;112
5734;116
5735;112
5736;112
5737;112
5738;112
5739;116
5740;116
5741;112
5742;112
5743;112
5744;112
5745;112
5746;112
5747;116
5748;112
5749;112
5750;116
5751;112
5752;112
5753;116
5754;116
5755;112
5756;112
5757;112
5758;112
5759;112
5760;116
5761;116
5762;112
5763;112
5764;112
5765;112
5766;112
5767;112
5768;112
5769;112
5770;112
5771;116
5772;116
5773;112
5774;112
5775;112
5776;112
5777;116
5778;116
5779;112
5780;112
5781;112
5782;112
5783;112
5784;112
5785;116
5786;116
5787;112
5788;112
5789;109
5790;112
5791;112
5792;116
5793;112
5794;112
5795;112
5796;112
5797;112
5798;112
5799;112
5800;116
5801;116
5802;112
5803;112
5804;112
5805;112
5806;116
5807;112
5808;112
5809;112
5810;112
5811;112
5812;116
5813;112
5814;111
5815;111
5816;111
5817;111
5818;111
5819;111
5820;111
5821;111
5822;111
5823;111
5824;111
5825;111
5826;111
5827;111
5828;111
5829;111
5830;111
5831;111
5832;111
5833;111
5834;111
5835;111
5836;111
5837;111
5838;111
5839;111
5840;111
5841;111
5842;111
5843;111
5844;111
5845;111
5846;111
5847;111
5848;111
5849;111
5850;111
5851;111
5852;111
5853;116
5854;112
5855;112
5856;112
5857;112
5858;112
5859;112
5860;112
5861;112
5862;112
5863;112
5864;112
5865;112
5866;112
5867;112
5868;112
5869;112
5870;112
5871;112
5872;112
5873;112
5874;112
5875;112
5876;112
5877;112
5878;116
5879;116
5880;116
5881;112
5882;112
5883;112
5884;112
5885;112
5886;112
5887;112
5888;112
5889;112
5890;112
5891;112
5892;112
5893;112
5894;112
5895;112
5896;112
5897;112
5898;112
5899;112
5900;112
5901;112
5902;112
5903;112
5904;112
5905;112
5906;112
5907;112
5908;112
5909;112
5910;112
5911;112
5912;112
5913;112
5914;112
5915;112
5916;112
5917;112
5918;112
5919;112
5920;116
5921;112
5922;112
5923;116
5924;112
5925;112
5926;112
5927;112
5928;112
5929;112
5930;112
5931;112
5932;109
5933;112
5934;112
5935;112
5936;116
5937;116
5938;112
5939;112
5940;116
5941;116
5942;112
5943;112
5944;116
5945;116
5946;112
5947;112
5948;116
5949;116
5950;116
5951;116
5952;112
5953;109
5954;112
5955;112
5956;112
5957;112
5958;112
5959;112
5960;112
5961;116
5962;116
5963;116
5964;112
5965;112
5966;112
5967;112
5968;112
5969;116
5970;116
5971;116
5972;116
5973;116
5974;116
5975;116
5976;116
5977;116
5978;116
5979;116
5980;116
5981;116
5982;116
5983;116
5984;116
5985;116
5986;116
5987;116
5988;116
5989;116
5990;116
5991;116
5992;116
5993;116
5994;116
5995;116
5996;116
5997;116
5998;116
5999;116
6000;108
6001;108
6002;108
6003;108
6004;108
6005;109
6006;109
6007;108
6008;108
6009;108
6010;108
6011;108
6012;108
6013;108
6014;108
6015;109
6016;109
6017;109
6018;108
6019;116
6020;112
6021;112
6022;112
6023;112
6024;112
6025;116
6026;112
6027;112
6028;112
6029;112
6030;112
6031;112
6032;112
6033;112
6034;112
6035;112
6036;109
6037;112
6038;112
6039;116
6040;112
6041;112
6042;112
6043;112
6044;112
6045;112
6046;112
6047;112
6048;112
6049;112
6050;112
6051;112
6052;112
6053;112
6054;112
6055;116
6056;112
6057;112
6058;116
6059;112
6060;112
6061;112
6062;112
6063;112
6064;112
6065;112
6066;112
6067;112
6068;112
6069;112
6070;112
6071;112
6072;112
6073;112
6074;112
6075;112
6076;112
6077;112
6078;112
6079;112
6080;112
6081;112
6082;112
6083;112
6084;112
6085;112
6086;112
6087;112
6088;112
6089;112
6090;112
6091;112
6092;112
6093;112
6094;112
6095;112
6096;112
6097;112
6098;112
6099;112
6100;112
6101;112
6102;112
6103;112
6104;112
6105;112
6106;112
6107;112
6108;112
6109;112
6110;112
6111;112
6112;112
6113;116
6114;116
6115;112
6116;117
6117;117
6118;112
6119;112
6120;112
6121;112
6122;112
6123;112
6124;116
6125;116
6126;112
6127;112
6128;112
6129;112
6130;112
6131;112
6132;112
6133;112
6134;112
6135;112
6136;112
6137;112
6138;112
6139;112
6140;112
6141;112
6142;112
6143;112
6144;112
6145;112
6146;116
6147;112
6148;112
6149;112
6150;112
6151;112
6152;112
6153;112
6154;112
6155;116
6156;112
6157;116
6158;116
6159;116
6160;112
6161;112
6162;112
6163;112
6164;112
6165;112
6166;112
6167;112
6168;112
6169;112
6170;112
6171;112
6172;112
6173;112
6174;112
6175;116
6176;112
6177;112
6178;112
6179;112
6180;112
6181;112
6182;112
6183;112
6184;112
6185;116
6186;112
6187;112
6188;112
6189;116
6190;116
6191;112
6192;112
6193;109
6194;111
6195;112
6196;112
6197;112
6198;112
6199;112
6200;112
6201;112
6202;112
6203;112
6204;112
6205;112
6206;112
6207;112
6208;112
6209;112
6210;112
6211;112
6212;112
6213;108
6214;112
6215;112
6216;112
6217;112
6218;112
6219;112
6220;112
6221;112
6222;112
6223;112
6224;112
6225;112
6226;111
6227;111
6228;111
6229;111
6230;111
6231;111
6232;111
6233;111
6234;111
6235;111
6236;111
6237;111
6238;111
6239;111
6240;111
6241;111
6242;111
6243;111
6244;111
6245;109
6246;109
6247;109
6248;109
6249;109
6250;116
6251;116
6252;116
6253;116
6254;116
6255;116
6256;116
6257;116
6258;116
6259;116
6260;116
6261;116
6262;108
6263;108
6264;108
6265;108
6266;108
6267;108
6268;108
6269;108
6270;108
6271;108
6272;112
6273;116
6274;116
6275;112
6276;116
6277;116
6278;112
6279;116
6280;116
6281;112
6282;116
6283;116
6284;112
6285;112
6286;112
6287;112
6288;116
6289;112
6290;116
6291;112
6292;116
6293;116
6294;112
6295;112
6296;112
6297;108
6298;108
6299;108
6300;108
6301;108
6302;108
6303;108
6304;108
6305;108
6306;108
6307;108
6308;108
6309;108
6310;108
6311;108
6312;108
6313;108
6314;108
6315;108
6316;108
6317;108
6318;108
6319;108
6320;108
6321;108
6322;109
6323;112
6324;112
6325;116
6326;112
6327;112
6328;116
6329;116
6330;116
6331;116
6332;116
6333;116
6334;116
6335;116
6336;112
6337;112
6338;112
6339;112
6340;112
6341;112
6342;112
6343;116
6344;116
6345;112
6346;112
6347;112
6348;112
6349;112
6350;112
6351;112
6352;112
6353;112
6354;112
6355;112
6356;112
6357;112
6358;112
6359;112
6360;116
6361;112
6362;112
6363;112
6364;116
6365;112
6366;116
6367;112
6368;111
6369;111
6370;111
6371;109
6372;109
6373;109
6374;109
6375;109
6376;109
6377;109
6378;112
6379;112
6380;112
6381;112
6382;112
6383;112
6384;112
6385;112
6386;112
6387;112
6388;112
6389;112
6390;112
6391;112
6392;112
6393;109
6394;112
6395;112
6396;112
6397;112
6398;112
6399;112
6400;112
6401;112
6402;109
6403;109
6404;118
6405;118
6406;109
6407;112
6408;112
6409;118
6410;118
6411;112
6412;112
6413;112
6414;116
6415;112
6416;112
6417;112
6418;112
6419;116
6420;112
6421;112
6422;112
6423;112
6424;112
6425;112
6426;112
6427;112
6428;112
6429;112
6430;112
6431;112
6432;112
6433;112
6434;112
6435;112
6436;112
6437;112
6438;112
6439;112
6440;112
6441;112
6442;112
6443;112
6444;112
6445;116
6446;112
6447;108
6448;108
6449;108
6450;108
6451;108
6452;108
6453;108
6454;108
6455;112
6456;112
6457;112
6458;112
6459;112
6460;109
6461;109
6462;109
6463;109
6464;109
6465;109
6466;109
6467;109
6468;109
6469;109
6470;109
6471;112
6472;116
6473;112
6474;116
6475;112
6476;116
6477;112
6478;116
6479;116
6480;112
6481;116
6482;112
6483;116
6484;116
6485;112
6486;112
6487;116
6488;112
6489;112
6490;116
6491;109
6492;112
6493;116
6494;112
6495;116
6496;116
6497;112
6498;116
6499;112
6500;116
6501;112
6502;112
6503;116
6504;109
6505;112
6506;112
6507;112
6508;112
6509;116
6510;116
6511;112
6512;109
6513;112
6514;112
6515;112
6516;112
6517;112
6518;109
6519;116
6520;116
6521;112
6522;112
6523;112
6524;112
6525;112
6526;112
6527;112
6528;112
6529;116
6530;112
6531;116
6532;112
6533;112
6534;112
6535;112
6536;112
6537;112
6538;112
6539;112
6540;112
6541;116
6542;112
6543;112
6544;112
6545;112
6546;112
6547;112
6548;112
6549;112
6550;112
6551;112
6552;112
6553;116
6554;112
6555;116
6556;112
6557;116
6558;116
6559;112
6560;112
6561;112
6562;112
6563;112
6564;112
6565;112
6566;112
6567;112
6568;112
6569;112
6570;112
6571;116
6572;116
6573;112
6574;116
6575;112
6576;112
6577;112
6578;112
6579;112
6580;112
6581;112
6582;112
6583;112
6584;112
6585;112
6586;112
6587;116
6588;112
6589;112
6590;112
6591;112
6592;112
6593;108
6594;108
6595;108
6596;108
6597;108
6598;108
6599;108
6600;108
6601;108
6602;108
6603;108
6604;108
6605;108
6606;108
6607;108
6608;108
6609;108
6610;108
6611;108
6612;108
6613;108
6614;108
6615;108
6616;108
6617;108
6618;108
6619;108
6620;108
6621;108
6622;108
6623;108
6624;108
6625;108
6626;108
6627;108
6628;108
6629;108
6630;108
6631;108
6632;108
6633;108
6634;108
6635;108
6636;108
6637;108
6638;108
6639;108
6640;108
6641;108
6642;108
6643;108
6644;108
6645;108
6646;108
6647;108
6648;108
6649;108
6650;108
6651;108
6652;108
6653;108
6654;108
6655;108
6656;108
6657;108
6658;108
6659;108
6660;108
6661;108
6662;108
6663;108
6664;108
6665;108
6666;108
6667;108
6668;108
6669;108
6670;108
6671;108
6672;108
6673;108
6674;108
6675;108
6676;108
6677;108
6678;108
6679;108
6680;108
6681;108
6682;108
6683;108
6684;108
6685;108
6686;108
6687;108
6688;108
6689;108
6690;108
6691;108
6692;108
6693;108
6694;108
6695;108
6696;108
6697;108
6698;108
6699;108
6700;108
6701;108
6702;108
6703;108
6704;108
6705;108
6706;110
6707;110
6708;108
6709;108
6710;108
6711;108
6712;108
6713;108
6714;108
6715;108
6716;108
6717;108
6718;108
6719;108
6720;108
6721;108
6722;108
6723;108
6724;108
6725;108
6726;108
6727;108
6728;108
6729;108
6730;108
6731;112
6732;112
6733;116
6734;116
6735;112
6736;112
6737;112
6738;112
6739;112
6740;112
6741;112
6742;112
6743;112
6744;112
6745;112
6746;112
6747;112
6748;112
6749;112
6750;112
6751;112
6752;118
6753;118
6754;112
6755;112
6756;112
6757;112
6758;112
6759;112
6760;112
6761;112
6762;112
6763;116
6764;116
6765;112
6766;112
6767;116
6768;112
6769;112
6770;112
6771;112
6772;116
6773;116
6774;116
6775;112
6776;112
6777;112
6778;112
6779;112
6780;112
6781;112
6782;116
6783;116
6784;112
6785;112
6786;112
6787;112
6788;112
6789;112
6790;112
6791;116
6792;116
6793;112
6794;112
6795;112
6796;112
6797;112
6798;112
6799;112
6800;112
6801;112
6802;116
6803;112
6804;112
6805;112
6806;112
6807;116
6808;116
6809;112
6810;112
6811;112
6812;116
6813;112
6814;112
6815;112
6816;112
6817;112
6818;112
6819;112
6820;112
6821;112
6822;116
6823;116
6824;116
6825;112
6826;116
6827;116
6828;116
6829;116
6830;116
6831;116
6832;112
6833;112
6834;112
6835;112
6836;116
6837;116
6838;112
6839;112
6840;116
6841;112
6842;112
6843;112
6844;116
6845;112
6846;112
6847;112
6848;116
6849;112
6850;112
6851;109
6852;109
6853;109
6854;112
6855;112
6856;112
6857;112
6858;112
6859;112
6860;112
6861;112
6862;112
6863;112
6864;116
6865;112
6866;112
6867;112
6868;112
6869;112
6870;112
6871;116
6872;116
6873;112
6874;112
6875;116
6876;116
6877;116
6878;112
6879;116
6880;112
6881;116
6882;116
6883;112
6884;116
6885;112
6886;112
6887;112
6888;112
6889;112
6890;112
6891;112
6892;112
6893;116
6894;112
6895;112
6896;116
6897;112
6898;112
6899;112
6900;112
6901;116
6902;116
6903;112
6904;112
6905;112
6906;112
6907;112
6908;112
6909;112
6910;112
6911;112
6912;112
6913;112
6914;112
6915;109
6916;112
6917;112
6918;112
6919;112
6920;112
6921;112
6922;112
6923;116
6924;112
6925;109
6926;112
6927;112
6928;112
6929;116
6930;116
6931;112
6932;112
6933;112
6934;112
6935;112
6936;112
6937;112
6938;112
6939;112
6940;112
6941;116
6942;112
6943;112
6944;112
6945;109
6946;116
6947;112
6948;112
6949;112
6950;112
6951;112
6952;112
6953;112
6954;112
6955;112
6956;112
6957;112
6958;109
6959;112
6960;112
6961;116
6962;112
6963;112
6964;116
6965;112
6966;112
6967;112
6968;112
6969;116
6970;109
6971;109
6972;109
6973;109
6974;109
6975;109
6976;109
6977;112
6978;109
6979;109
6980;109
6981;109
6982;109
6983;109
6984;109
6985;109
6986;109
6987;109
6988;109
6989;109
6990;112
6991;112
6992;112
6993;109
6994;109
6995;109
6996;109
6997;109
6998;109
6999;109
7000;109
7001;109
7002;109
7003;112
7004;112
7005;112
7006;116
7007;112
7008;109
7009;112
7010;112
7011;112
7012;112
7013;112
7014;118
7015;118
7016;118
7017;112
7018;116
7019;116
7020;116
7021;116
7022;112
7023;112
7024;112
7025;108
7026;108
7027;108
7028;108
7029;108
7030;108
7031;108
7032;108
7033;108
7034;108
7035;108
7036;111
7037;111
7038;111
7039;111
7040;111
7041;112
7042;112
7043;112
7044;112
7045;112
7046;112
7047;112
7048;112
7049;112
7050;112
7051;112
7052;112
7053;112
7054;112
7055;112
7056;112
7057;112
7058;112
7059;112
7060;112
7061;112
7062;112
7063;112
7064;112
7065;112
7066;116
7067;112
7068;112
7069;112
7070;112
7071;112
7072;112
7073;112
7074;112
7075;112
7076;112
7077;112
7078;112
7079;112
7080;112
7081;112
7082;112
7083;116
7084;116
7085;109
7086;109
7087;116
7088;112
7089;112
7090;112
7091;112
7092;112
7093;112
7094;112
7095;116
7096;112
7097;112
7098;112
7099;112
7100;116
7101;116
7102;116
7103;116
7104;112
7105;112
7106;112
7107;112
7108;112
7109;112
7110;112
7111;112
7112;112
7113;112
7114;116
7115;112
7116;112
7117;112
7118;112
7119;112
7120;112
7121;112
7122;112
7123;108
7124;112
7125;112
7126;112
7127;112
7128;112
7129;112
7130;112
7131;112
7132;112
7133;112
7134;116
7135;112
7136;112
7137;112
7138;112
7139;112
7140;112
7141;112
7142;112
7143;112
7144;112
7145;116
7146;112
7147;112
7148;112
7149;112
7150;112
7151;112
7152;112
7153;112
7154;112
7155;112
7156;112
7157;112
7158;112
7159;112
7160;112
7161;112
7162;112
7163;112
7164;112
7165;112
7166;112
7167;116
7168;112
7169;112
7170;112
7171;112
7172;112
7173;112
7174;112
7175;112
7176;112
7177;112
7178;112
7179;116
7180;116
7181;116
7182;116
7183;116
7184;112
7185;116
7186;112
7187;112
7188;112
7189;112
7190;112
7191;116
7192;112
7193;112
7194;112
7195;112
7196;112
7197;116
7198;116
7199;116
7200;116
7201;116
7202;109
7203;109
7204;112
7205;116
7206;112
7207;112
7208;112
7209;112
7210;112
7211;112
7212;112
7213;112
7214;112
7215;112
7216;109
7217;116
7218;116
7219;112
7220;109
7221;116
7222;112
7223;112
7224;112
7225;112
7226;112
7227;112
7228;116
7229;112
7230;112
7231;116
7232;112
7233;112
7234;116
7235;116
7236;116
7237;112
7238;112
7239;112
7240;116
7241;116
7242;109
7243;112
7244;112
7245;112
7246;112
7247;112
7248;112
7249;112
7250;112
7251;112
7252;112
7253;112
7254;112
7255;112
7256;112
7257;112
7258;112
7259;112
7260;112
7261;112
7262;112
7263;112
7264;112
7265;112
7266;112
7267;112
7268;112
7269;112
7270;109
7271;112
7272;112
7273;112
7274;112
7275;116
7276;109
7277;112
7278;112
7279;112
7280;112
7281;112
7282;109
7283;112
7284;112
7285;112
7286;112
7287;112
7288;112
7289;112
7290;112
7291;112
7292;112
7293;112
7294;112
7295;112
7296;116
7297;116
7298;116
7299;112
7300;112
7301;112
7302;112
7303;112
7304;112
7305;112
7306;112
7307;112
7308;112
7309;109
7310;109
7311;112
7312;112
7313;112
7314;112
7315;112
7316;112
7317;112
7318;108
7319;108
7320;108
7321;108
7322;108
7323;108
7324;109
7325;109
7326;109
7327;108
7328;118
7329;118
7330;118
7331;118
7332;118
7333;118
7334;108
7335;108
7336;108
7337;108
7338;112
7339;112
7340;112
7341;112
7342;112
7343;112
7344;112
7345;112
7346;112
7347;112
7348;112
7349;112
7350;112
7351;112
7352;112
7353;112
7354;112
7355;112
7356;112
7357;112
7358;116
7359;112
7360;112
7361;112
7362;116
7363;112
7364;116
7365;116
7366;108
7367;112
7368;112
7369;112
7370;112
7371;109
7372;109
7373;109
7374;109
7375;109
7376;109
7377;109
7378;109
7379;112
7380;109
7381;112
7382;112
7383;112
7384;112
7385;112
7386;112
7387;112
7388;112
7389;112
7390;112
7391;112
7392;112
7393;112
7394;112
7395;112
7396;112
7397;112
7398;112
7399;112
7400;112
7401;112
7402;112
7403;112
7404;112
7405;112
7406;112
7407;112
7408;112
7409;116
7410;112
7411;112
7412;112
7413;116
7414;116
7415;112
7416;112
7417;116
7418;112
7419;112
7420;112
7421;112
7422;112
7423;112
7424;112
7425;112
7426;112
7427;116
7428;112
7429;112
7430;109
7431;112
7432;116
7433;112
7434;112
7435;112
7436;112
7437;112
7438;112
7439;112
7440;112
7441;112
7442;112
7443;112
7444;116
7445;116
7446;112
7447;112
7448;112
7449;112
7450;112
7451;112
7452;112
7453;112
7454;116
7455;112
7456;116
7457;112
7458;112
7459;109
7460;112
7461;109
7462;116
7463;112
7464;109
7465;112
7466;112
7467;112
7468;112
7469;112
7470;112
7471;112
7472;112
7473;112
7474;112
7475;112
7476;112
7477;112
7478;112
7479;112
7480;116
7481;116
7482;109
7483;107
7484;107
7485;107
7486;107
7487;107
7488;109
7489;112
7490;109
7491;112
7492;116
7493;112
7494;112
7495;116
7496;116
7497;112
7498;112
7499;112
7500;112
7501;112
7502;112
7503;116
7504;116
7505;112
7506;112
7507;112
7508;116
7509;116
7510;112
7511;112
7512;112
7513;112
7514;112
7515;112
7516;116
7517;112
7518;109
7519;112
7520;116
7521;112
7522;112
7523;116
7524;112
7525;112
7526;112
7527;112
7528;112
7529;112
7530;112
7531;112
7532;112
7533;112
7534;112
7535;112
7536;112
7537;112
7538;116
7539;112
7540;112
7541;112
7542;112
7543;112
7544;112
7545;116
7546;112
7547;112
7548;112
7549;112
7550;112
7551;112
7552;112
7553;112
7554;112
7555;112
7556;112
7557;112
7558;112
7559;112
7560;112
7561;112
7562;112
7563;112
7564;112
7565;112
7566;112
7567;112
7568;112
7569;112
7570;112
7571;112
7572;116
7573;112
7574;112
7575;112
7576;112
7577;112
7578;112
7579;116
7580;112
7581;112
7582;112
7583;112
7584;112
7585;112
7586;112
7587;112
7588;112
7589;112
7590;112
7591;116
7592;112
7593;112
7594;112
7595;112
7596;112
7597;112
7598;112
7599;112
7600;112
7601;112
7602;112
7603;118
7604;112
7605;112
7606;116
7607;112
7608;112
7609;112
7610;112
7611;112
7612;112
7613;112
7614;112
7615;112
7616;112
7617;112
7618;112
7619;112
7620;112
7621;112
7622;112
7623;112
7624;112
7625;112
7626;112
7627;112
7628;112
7629;112
7630;112
7631;112
7632;112
7633;112
7634;112
7635;112
7636;109
7637;112
7638;116
7639;116
7640;116
7641;116
7642;116
7643;116
7644;116
7645;116
7646;116
7647;116
7648;116
7649;116
7650;112
7651;112
7652;112
7653;112
7654;112
7655;112
7656;112
7657;112
7658;112
7659;116
7660;112
7661;112
7662;112
7663;112
7664;118
7665;118
7666;118
7667;118
7668;118
7669;118
7670;118
7671;118
7672;118
7673;118
7674;118
7675;118
7676;118
7677;118
7678;118
7679;118
7680;118
7681;118
7682;118
7683;118
7684;112
7685;112
7686;112
7687;112
7688;112
7689;108
7690;108
7691;108
7692;108
7693;108
7694;108
7695;108
7696;108
7697;108
7698;108
7699;108
7700;108
7701;108
7702;108
7703;108
7704;108
7705;108
7706;108
7707;108
7708;108
7709;108
7710;108
7711;108
7712;108
7713;108
7714;108
7715;108
7716;108
7717;108
7718;108
7719;108
7720;108
7721;108
7722;108
7723;108
7724;108
7725;108
7726;108
7727;108
7728;108
7729;108
7730;108
7731;108
7732;108
7733;108
7734;108
7735;108
7736;108
7737;108
7738;108
7739;108
7740;108
7741;108
7742;108
7743;108
7744;108
7745;108
7746;108
7747;108
7748;108
7749;108
7750;108
7751;108
7752;108
7753;108
7754;108
7755;108
7756;108
7757;108
7758;108
7759;108
7760;108
7761;108
7762;108
7763;108
7764;108
7765;108
7766;108
7767;108
7768;108
7769;108
7770;108
7771;108
7772;108
7773;108
7774;108
7775;108
7776;108
7777;108
7778;108
7779;108
7780;108
7781;108
7782;108
7783;108
7784;108
7785;108
7786;108
7787;108
7788;108
7789;108
7790;108
7791;108
7792;108
7793;108
7794;108
7795;108
7796;108
7797;108
7798;108
7799;108
7800;108
7801;108
7802;108
7803;108
7804;108
7805;108
7806;108
7807;108
7808;108
7809;108
7810;108
7811;108
7812;108
7813;108
7814;108
7815;108
7816;108
7817;108
7818;108
7819;108
7820;108
7821;108
7822;108
7823;108
7824;108
7825;108
7826;108
7827;108
7828;108
7829;108
7830;108
7831;108
7832;108
7833;108
7834;108
7835;108
7836;108
7837;108
7838;108
7839;108
7840;108
7841;108
7842;108
7843;108
7844;108
7845;108
7846;108
7847;108
7848;108
7849;108
7850;108
7851;108
7852;108
7853;108
7854;108
7855;108
7856;108
7857;108
7858;108
7859;108
7860;108
7861;108
7862;108
7863;108
7864;108
7865;108
7866;108
7867;108
7868;108
7869;108
7870;108
7871;108
7872;108
7873;108
7874;108
7875;108
7876;108
7877;108
7878;108
7879;108
7880;108
7881;108
7882;116
7883;112
7884;109
7885;112
7886;117
7887;116
7888;112
7889;112
7890;112
7891;111
7892;111
7893;112
7894;113
7895;112
7896;116
7897;113
7898;108
7899;108
7900;108
7901;108
7902;116
7903;111
7904;110
7905;112
7906;108
7907;108
7908;108
7909;108
7910;108
7911;108
7912;108
7913;108
7914;108
7915;108
7916;108
7917;108
7918;108
7919;108
7920;108
7921;108
7922;108
7923;108
7924;108
7925;108
7926;108
7927;108
7928;108
7929;108
7930;108
7931;108
7932;108
7933;108
7934;108
7935;108
7936;108
7937;108
7938;108
7939;108
7940;108
7941;108
7942;108
7943;108
7944;108
7945;108
7946;108
7947;108
7948;108
7949;108
7950;112
7951;112
7952;112
7953;112
7954;112
7955;112
7956;112
7957;112
7958;108
7959;108
7960;116
7961;116
7962;116
7963;116
7964;116
7965;116
7966;116
7967;116
7968;116
7969;116
7970;116
7971;116
7972;116
7973;116
7974;116
7975;116
7976;116
7977;116
7978;116
7979;116
7980;116
7981;116
7982;116
7983;116
7984;116
7985;116
7986;116
7987;116
7988;116
7989;116
7990;116
7991;116
7992;116
7993;116
7994;116
7995;116
7996;116
7997;116
7998;116
7999;116
8000;116
8001;116
8002;116
8003;116
8004;116
8005;116
8006;116
8007;116
8008;116
8009;116
8010;116
8011;116
8012;116
8013;116
8014;116
8015;116
8016;116
8017;116
8018;116
8019;116
8020;116
8021;116
8022;116
8023;116
8024;116
8025;116
8026;116
8027;116
8028;116
8029;116
8030;116
8031;116
8032;116
8033;116
8034;116
8035;116
8036;116
8037;116
8038;116
8039;116
8040;116
8041;116
8042;116
8043;116
8044;116
8045;116
8046;116
8047;116
8048;116
8049;116
8050;116
8051;116
8052;116
8053;116
8054;116
8055;116
8056;116
8057;116
8058;116
8059;116
8060;116
8061;116
8062;116
8063;116
8064;116
8065;116
8066;116
8067;116
8068;116