21216;142
22555;142
22556;142
22557;142
22558;142
22559;142
22560;142
22561;142
22562;142
22563;142
22564;142
22565;142
22566;142
22567;142
22568;142
22569;142
22570;142
22571;142
22572;142
22573;142
22574;142
22575;142
22576;142
22577;142
22578;142
22579;142
22580;142
22581;142
22582;142
22583;142
22584;142
22585;142
22586;142
22587;142
22588;142
22589;142
22590;142
22591;142
22592;142
22593;142
22594;142
22595;142
22596;142
22597;142
22598;142
22599;142
22600;142
22601;142
22602;142
22603;142
22604;142
22605;142
22606;142
22607;142
22608;142
22609;142
22610;142
22611;142
22612;142
22613;142
22614;142
22615;142
22616;142
22617;142
22618;142
22619;142
22620;142
22621;142
22622;142
22623;142
22624;142
22625;142
22626;142
22627;142
22628;142
22629;142
22630;142
22631;142
22632;142
22633;142
22634;142
22635;142
22636;142
22637;142
22638;142
22639;142
22640;142
22641;142
22642;142
22643;142
22644;142
22645;142
22646;142
22647;142
22648;142
22649;142
22650;142
22651;142
22652;142
22653;142
22654;142
22655;142
22656;142
22657;142
22658;142
22659;142
22660;142
22661;142
22662;142
22663;142
22664;142
22665;142
22666;142
22667;142
22668;142
22669;142
22670;142
22671;142
22672;142
22673;142
22674;142
22675;142
22676;142
22677;142
22678;142
22679;142
22680;142
22681;142
22682;142
22683;142
22684;142
22685;142
22686;142
22687;142
22688;142
22689;142
22690;142
22691;142
22692;142
22693;142
22694;142
22695;142
22696;142
22697;142
22698;142
22699;142
22700;142
22701;142
22702;142
22703;142
22704;142
22705;142
22706;142
22707;142
22708;142
22709;142
22710;142
22711;142
22712;142
22713;142
22714;142
22715;142
22716;142
22717;142
22718;142
22719;142
22720;142
22721;142
22722;142
22723;142
22724;142
22725;142
22726;142
22727;142
22728;142
22729;142
22730;142
22731;142
22732;142
22733;142
22734;142
22735;142
22736;142
22737;142
22738;142
22739;142
22740;142
22741;142
22742;142
22743;142
22744;142
22745;142
22746;142
22747;142
22748;142
22749;142
22750;142
22751;142
22752;142
22753;142
22754;142
22755;142
22756;142
22757;142
22758;142
22759;142
22760;142
22761;142
22762;142
22763;142
22764;142
22765;142
22766;142
22767;142
22768;142
22769;142
22770;142
22771;142
22772;142
22773;142
22774;142
22775;142
22776;142
22777;142
22778;142
22779;142
22780;142
22781;142
22782;142
22783;142
22784;142
22785;142
22786;142
22787;142
22788;142
22789;142
22790;142
22791;142
22792;142
22793;142
22794;142
22795;142
22796;142
22797;142
22798;142
22799;142
22800;142
22801;142
22802;142
22803;142
22804;142
22805;142
22806;142
22807;142
22808;142
22809;142
22810;142
22811;142
22812;142
22813;142
22814;142
22815;142
22816;142
22817;142
22818;142
22819;142
22820;142
22821;142
22822;142
22823;142
22824;142
22825;142
22826;142
22827;142
22828;142
22829;142
22830;142
22831;142
22832;142
22833;142
22834;142
22835;142
22836;142
22837;142
22838;142
22839;142
22840;142
22841;142
22842;142
22843;142
22844;142
22845;142
22846;142
22847;142
22848;142
22849;142
22850;142
22851;142
22852;142
22853;142
22854;142
22855;142
22856;142
22857;142
22858;142
22859;142
22860;142
22861;142
22862;142
22863;142
22864;142
22865;142
22866;142
22867;142
22868;142
22869;142
22870;142
22871;142
22872;142
22873;142
22874;142
22875;142
22876;142
22877;142
22878;142
22879;142
22880;142
22881;142
22882;142
22883;142
22884;142
22885;142
22886;142
22887;142
22888;142
22889;142
22890;142
22891;142
22892;142
22893;142
22894;142
22895;142
22896;142
22897;142
22898;142
22899;142
22900;142
22901;142
22902;142
22903;142
22904;142
22905;142
22906;142
22907;142
22908;142
22909;142
22910;142
22911;142
22912;142
22913;142
22914;142
22915;142
22916;142
22917;142
22918;142
22919;142
22920;142
22921;142
22922;142
22923;142
22924;142
22925;142
22926;142
22927;142
22928;142
22929;142
22930;142
22931;142
22932;142
22933;142
22934;142
22935;142
22936;142
22937;142
22938;142
22939;142
22940;142
22941;142
22942;142
22943;142
22944;142
22945;142
22946;142
22947;142
22948;142
22949;142
22950;142
22951;142
22952;142
22953;142
22954;142
22955;142
22956;142
22957;142
22958;142
22959;142
22960;142
22961;142
22962;142
22963;142
22964;142
22965;142
22966;142
22967;142
22968;142
22969;142
22970;142
22971;142
22972;142
22973;142
22974;142
22975;142
22976;142
22977;142
22978;142
22979;142
22980;142
22981;142
22982;142
22983;142
22984;142
22985;142
22986;142
22987;142
22988;142
22989;142
22990;142
22991;142
22992;142
22993;142
22994;142
22995;142
22996;142
22997;142
22998;142
22999;142
23000;142
23001;142
23002;142
23003;142
23004;142
23005;142
23006;142
23007;142
23008;142
23009;142
23010;142
23011;142
23012;142
23013;142
23014;142
23015;142
23016;142
23017;142
23018;142
23019;142
23020;142
23021;142
23022;142
23023;142
23024;142
23025;142
23026;142
23027;142
23028;142
23029;142
23030;142
23031;142
23032;142
23033;142
23034;142
23035;142
23036;142
23037;142
23038;142
23039;142
23040;142
23041;142
23042;142
23043;142
23044;142
23045;142
23046;142
23047;142
23048;142
23049;142
23050;142
23051;142
23052;142
23053;142
23054;142
23055;142
23056;142
23057;142
23058;142
23059;142
23060;142
23061;142
23062;142
23063;142
23064;142
23065;142
23066;142
23067;142
23068;142
23069;142
23070;142
23071;142
23072;142
23073;142
23074;142
23075;142
23076;142
23077;142
23078;142
23079;142
23080;142
23081;142
23082;142
23083;142
23084;142
23085;142
23086;142
23087;142
23088;142
23089;142
23090;142
23091;142
23092;142
23093;142
23094;142
23095;142
23096;142
23097;142
23098;142
23099;142
23100;142
23101;142
23102;142
23103;142
23104;142
23105;142
23106;142
23107;142
23108;142
23109;142
23110;142
23111;142
23112;142
23113;142
23114;142
23115;142
23116;142
23117;142
23118;142
23119;142
23120;142
23121;142
23122;142
23123;142
23124;142
23125;142
23126;142
23127;142
23128;142
23129;142
23130;142
23131;142
23132;142
23133;142
23134;142
23135;142
23136;142
23137;142
23138;142
23139;142
23140;142
23141;142
23142;142
23143;142
23144;142
23145;142
23146;142
23147;142
23148;142
23149;142
23150;142
23151;142
23152;142
23153;142
23154;142
23155;142
23156;142
23157;142
23158;142
23159;142
23160;142
23161;142
23162;142
23163;142
23164;142
23165;142
23166;142
23167;142
23168;142
23169;142
23170;142
23171;142
23172;142
23173;142
23174;142
23175;142
23176;142
23177;142
23178;142
23179;142
23180;142
23181;142
23182;142
23183;142
23184;142
23185;142
23186;142
23187;142
23188;142
23189;142
23190;142
23191;142
23192;142
23193;142
23194;142
23195;142
23196;142
23197;142
23198;142
23199;142
23200;142
23201;142
23202;142
23203;142
23204;142
23205;142
23206;142
23207;142
23208;142
23209;142
23210;142
23211;142
23212;142
23213;142
23214;142
23215;142
23216;142
23217;142
23218;142
23219;142
23220;142
23221;142
23222;142
23223;142
23224;142
23225;142
23226;142
23227;142
23228;142
23229;142
23230;142
23231;142
23232;142
23233;142
23234;142
23235;142
23236;142
23237;142
23238;142
23239;142
23240;142
23241;142
23242;142
23243;142
23244;142
23245;142
23246;142
23247;142
23248;142
23249;142
23250;142
23251;142
23252;142
23253;142
23254;142
23255;142
23256;142
23257;142
23258;142
23259;142
23260;142
23261;142
23262;142
23263;142
23264;142
23265;142
23266;142
23267;142
23268;142
23269;142
23270;142
23271;142
23272;142
23273;142
23274;142
23275;142
23276;142
23277;142
23278;142
23279;142
23280;142
23281;142
23282;142
23283;142
23284;142
23285;142
23286;142
23287;142
23288;142
23289;142
23290;142
23291;142
23292;142
23293;142
23294;142
23295;142
23296;142
23297;142
23298;142
23299;142
23300;142
23301;142
23302;142
23303;142
23304;142
23305;142
23306;142
23307;142
23308;142
23309;142
23310;142
23311;142
23312;142
23313;142
23314;142
23315;142
23316;142
23317;142
23318;142
23319;142
23320;142
23321;142
23322;142
23323;142
23324;142
23325;142
23326;142
23327;142
23328;142
23329;142
23330;142
23331;142
23332;142
23333;142
23334;142
23335;142
23336;142
23337;142
23338;142
23339;142
23340;142
23341;142
23342;142
23343;142
23344;142
23345;142
23346;142
23347;142
23348;142
23349;142
23350;142
23351;142
23352;142
23353;142
23354;142
23355;142
23356;142
23357;142
23358;142
23359;142
23360;142
23361;142
23362;142
23363;142
23364;142
23365;142
23366;142
23367;142
23368;142
23369;142
23370;142
23371;142
23372;142
23373;142
23374;142
23375;142
23376;142
23377;142
23378;142
23379;142
23380;142
23381;142
23382;142
23383;142
23384;142
23385;142
23386;142
23387;142
23388;142
23389;142
23390;142
23391;142
23392;142
23393;142
23394;142
23395;142
23396;142
23397;142
23398;142
23399;142
23400;142
23401;142
23402;142
23403;142
23404;142
23405;142
23406;142
23407;142
23408;142
23409;142
23410;142
23411;142
23412;142
23413;142
23414;142
23415;142
23416;142
23417;142
23418;142
23419;142
23420;142
23421;142
23422;142
23423;142
23424;142
23425;142
23426;142
23427;142
23428;142
23429;142
23430;142
23431;142
23432;142
23433;142
23434;142
23435;142
23436;142
23437;142
23438;142
23439;142
23440;142
23441;142
23442;142
23443;142
23444;142
23445;142
23446;142
23447;142
23448;142
23449;142
23450;142
23451;142
23452;142
23453;142
23454;142
23455;142
23456;142
23457;142
23458;142
23459;142
23460;142
23461;142
23462;142
23463;142
23464;142
23465;142
23466;142
23467;142
23468;142
23469;142
23470;142
23471;142
23472;142
23473;142
23474;142
23475;142
23476;142
23477;142
23478;142
23479;142
23480;142
23481;142
23482;142
23483;142
23484;142
23485;142
23486;142
23487;142
23488;142
23489;142
23490;142
23491;142
23492;142
23493;142
23494;142
23495;142
23496;142
23497;142
23498;142
23499;142
23500;142
23501;142
23502;142
23503;142
23504;142
23505;142
23506;142
23507;142
23508;142
23509;142
23510;142
23511;142
23512;142
23513;142
23514;142
23515;142
23516;142
23517;142
23518;142
23519;142
23520;142
23521;142
23522;142
23523;142
23524;142
23525;142
23526;142
23527;142
23528;142
23529;142
23530;142
23531;142
23532;142
23533;142
23534;142
23535;142
23536;142
23537;142
23538;142
23539;142
23540;142
23541;142
23542;142
23543;142
23544;142
23545;142
23546;142
23547;142
23548;142
23549;142
23550;142
23551;142
23552;142
23553;142
23554;142
23555;142
23556;142
23557;142
23558;142
23559;142
23560;142
23561;142
23562;142
23563;142
23564;142
23565;142
23566;142
23567;142
23568;142
23569;142
23570;142
23571;142
23572;142
23573;142
23574;142
23575;142
23576;142
23577;142
23578;142
23579;142
23580;142
23581;142
23582;142
23583;142
23584;142
23585;142
23586;142
23587;142
23588;142
23589;142
23590;142
23591;142
23592;142
23593;142
23594;142
23595;142
23596;142
23597;142
23598;142
23599;142
23600;142
23601;142
23602;142
23603;142
23604;142
23605;142
23606;142
23607;142
23608;142
23609;142
23610;142
23611;142
23612;142
23613;142
23614;142
23615;142
23616;142
23617;142
23618;142
23619;142
23620;142
23621;142
23622;142
23623;142
23624;142
23625;142
23626;142
23627;142
23628;142
23629;142
23630;142
23631;142
23632;142
23633;142
23634;142
23635;142
23636;142
23637;142
23638;142
23639;142
23640;142
23641;142
23642;142
23643;142
23644;142
23645;142
23646;142
23647;142
23648;142
23649;142
23650;142
23651;142
23652;142
23653;142
23654;142
23655;142
23656;142
23657;142
23658;142
23659;142
23660;142
23661;142
23662;142
23663;142
23664;142
23665;142
23666;142
23667;142
23668;142
23669;142
23670;142
23671;142
23672;142
23673;142
23674;142
23675;142
23676;142
23677;142
23678;142
23679;142
23680;142
23681;142
23682;142
23683;142
23684;142
23685;142
23686;142
23687;142
23688;142
23689;142
23690;142
23691;142
23692;142
23693;142
23694;142
23695;142
23696;142
23697;142
23698;142
23699;142
23700;142
23701;142
23702;142
23703;142
23704;142
23705;142
23706;142
23707;142
23708;142
23709;142
23710;142
23711;142
23712;142
23713;142
23714;142
23715;142
23716;142
23717;142
23718;142
23719;142
23720;142
23721;142
23722;142
23723;142
23724;142
23725;142
23726;142
23727;142
23728;142
23729;142
23730;142
23731;142
23732;142
23733;142
23734;142
23735;142
23736;142
23737;142
23738;142
23739;142
23740;142
23741;142
23742;142
23743;142
23744;142
23745;142
23746;142
23747;142
23748;142
23749;142
23750;142
23751;142
23752;142
23753;142
23754;142
23755;142
23756;142
23757;142
23758;142
23759;142
23760;142
23761;142
23762;142
23763;142
23764;142
23765;142
23766;142
23767;142
23768;142
23769;142
23770;142
23771;142
23772;142
23773;142
23774;142
23775;142
23776;142
23777;142
23778;142
23779;142
23780;142
23781;142
23782;142
23783;142
23784;142
23785;142
23786;142
23787;142
23788;142
23789;142
23790;142
23791;142
23792;142
23793;142
23794;142
23795;142
23796;142
23797;142
23798;142
23799;142
23800;142
23801;142
23802;142
23803;142
23804;142
23805;142
23806;142
23807;142
23808;142
23809;142
23810;142
23811;142
23812;142
23813;142
23814;142
23815;142
23816;142
23817;142
23818;142
23819;142
23820;142
23821;142
23822;142
23823;142
23824;142
23825;142
23826;142
23827;142
23828;142
23829;142
23830;142
23831;142
23832;142
23833;142
23834;142
23835;142
23836;142
23837;142
23838;142
23839;142
23840;142
23841;142
23842;142
23843;142
23844;142
23845;142
23846;142
23847;142
23848;142
23849;142
23850;142
23851;142
23852;142
23853;142
23854;142
23855;142
23856;142
23857;142
23858;142
23859;142
23860;142
23861;142
23862;142
23863;142
23864;142
23865;142
23866;142
23867;142
23868;142
23869;142
23870;142
23871;142
23872;142
23873;142
23874;142
23875;142
23876;142
23877;142
23878;142
23879;142
23880;142
23881;142
23882;142
23883;142
23884;142
23885;142
23886;142
23887;142
23888;142
23889;142
23890;142
23891;142
23892;142
23893;142
23894;142
23895;142
23896;142
23897;142
23898;142
23899;142
23900;142
23901;142
23902;142
23903;142
23904;142
23905;142
23906;142
23907;142
23908;142
23909;142
23910;142
23911;142
23912;142
23913;142
23914;142
23915;142
23916;142
23917;142
23918;142
23919;142
23920;142
23921;142
23922;142
23923;142
23924;142
23925;142
23926;142
23927;142
23928;142
23929;142
23930;142
23931;142
23932;142
23933;142
23934;142
23935;142
23936;142
23937;142
23938;142
23939;142
23940;142
23941;142
23942;142
23943;142
23944;142
23945;142
23946;142
23947;142
23948;142
23949;142
23950;142
23951;142
23952;142
23953;142
23954;142
23955;142
23956;142
23957;142
23958;142
23959;142
23960;142
23961;142
23962;142
23963;142
23964;142
23965;142
23966;142
23967;142
23968;142
23969;142
23970;142
23971;142
23972;142
23973;142
23974;142
23975;142
23976;142
23977;142
23978;142
23979;142
23980;142
23981;142
23982;142
23983;142
23984;142
23985;142
23986;142
23987;142
23988;142
23989;142
23990;142
23991;142
23992;142
23993;142
23994;142
23995;142
23996;142
23997;142
23998;142
23999;142
24000;142
24001;142
24002;142
24003;142
24004;142
24005;142
24006;142
24007;142
24008;142
24009;142
24010;142
24011;142
24012;142
24013;142
24014;142
24015;142
24016;142
24017;142
24018;142
24019;142
24020;142
24021;142
24022;142
24023;142
24024;142
24025;142
24026;142
24027;142
24028;142
24029;142
24030;142
24031;142
24032;142
24033;142
24034;142
24035;142
24036;142
24037;142
24038;142
24039;142
24040;142
24041;142
24042;142
24043;142
24044;142
24045;142
24046;142
24047;142
24048;142
24049;142
24050;142
24051;142
24052;142
24053;142
24054;142
24055;142
24056;142
24057;142
24058;142
24059;142
24060;142
24061;142
24062;142
24063;142
24064;142
24065;142
24066;142
24067;142
24068;142
24069;142
24070;142
24071;142
24072;142
24073;142
24074;142
24075;142
24076;142
24077;142
24078;142
24079;142
24080;142
24081;142
24082;142
24083;142
24084;142
24085;142
24086;142
24087;142
24088;142
24089;142
24090;142
24091;142
24092;142
24093;142
24094;142
24095;142
24096;142
24097;142
24098;142
24099;142
24100;142
24101;142
24102;142
24103;142
24104;142
24105;142
24106;142
24107;142
24108;142
24109;142
24110;142
24111;142
24112;142
24113;142
24114;142
24115;142
24116;142
24117;142
24118;142
24119;142
24120;142
24121;142
24122;142
24123;142
24124;142
24125;142
24126;142
24127;142
24128;142
24129;142
24130;142
24131;142
24132;142
24133;142
24134;142
24135;142
24136;142
24137;142
24138;142
24139;142
24140;142
24141;142
24142;142
24143;142
24144;142
24145;142
24146;142
24147;142
24148;142
24149;142
24150;142
24151;142
24152;142
24153;142
24154;142
24155;142
24156;142
24157;142
24158;142
24159;142
24160;142
24161;142
24162;142
24163;142
24164;142
24165;142
24166;142
24167;142
24168;142
24169;142
24170;142
24171;142
24172;142
24173;142
24174;142
24175;142
24176;142
24177;142
24178;142
24179;142
24180;142
24181;142
24182;142
24183;142
24184;142
24185;142
24186;142
24187;142
24188;142
24189;142
24190;142
24191;142
24192;142
24193;142
24194;142
24195;142
24196;142
24197;142
24198;142
24199;142
24200;142
24201;142
24202;142
24203;142
24204;142
24205;142
24206;142
24207;142
24208;142
24209;142
24210;142
24211;142
24212;142
24213;142
24214;142
24215;142
24216;142
24217;142
24218;142
24219;142
24220;142
24221;142
24222;142
24223;142
24224;142
24225;142
24226;142
24227;142
24228;142
24229;142
24230;142
24231;142
24232;142
24233;142
24234;142
24235;142
24236;142
24237;142
24238;142
24239;142
24240;142
24241;142
24242;142
24243;142
24244;142
24245;142
24246;142
24247;142
24248;142
24249;142
24250;142
24251;142
24252;142
24253;142
24254;142
24255;142
24256;142
24257;142
24258;142
24259;142
24260;142
24261;142
24262;142
24263;142
24264;142
24265;142
24266;142
24267;142
24268;142
24269;142
24270;142
24271;142
24272;142
24273;142
24274;142
24275;142
24276;142
24277;142
24278;142
24279;142
24280;142
24281;142
24282;142
24283;142
24284;142
24285;142
24286;142
24287;142
24288;142
24289;142
24290;142
24291;142
24292;142
24293;142
24294;142
24295;142
24296;142
24297;142
24298;142
24299;142
24300;142
24301;142
24302;142
24303;142
24304;142
24305;142
24306;142
24307;142
24308;142
24309;142
24310;142
24311;142
24312;142
24313;142
24314;142
24315;142
24316;142
24317;142
24318;142
24319;142
24320;142
24321;142
24322;142
24323;142
24324;142
24325;142
24326;142
24327;142
24328;142
24329;142
24330;142
24331;142
24332;142
24333;142
24334;142
24335;142
24336;142
24337;142
24338;142
24339;142
24340;142
24341;142
24342;142
24343;142
24344;142
24345;142
24346;142
24347;142
24348;142
24349;142
24350;142
24351;142
24352;142
24353;142
24354;142
24355;142
24356;142
24357;142
24358;142
24359;142
24360;142
24361;142
24362;142
24363;142
24364;142
24365;142
24366;142
24367;142
24368;142
24369;142
24370;142
24371;142
24372;142
24373;142
24374;142
24375;142
24376;142
24377;142
24378;142
24379;142
24380;142
24381;142
24382;142
24383;142
24384;142
24385;142
24386;142
24387;142
24388;142
24389;142
24390;142
24391;142
24392;142
24393;142
24394;142
24395;142
24396;142
24397;142
24398;142
24399;142
24400;142
24401;142
24402;142
24403;142
24404;142
24405;142
24406;142
24407;142
24408;142
24409;142
24410;142
24411;142
24412;142
24413;142
24414;142
24415;142
24416;142
24417;142
24418;142
24419;142
24420;142
24421;142
24422;142
24423;142
24424;142
24425;142
24426;142
24427;142
24428;142
24429;142
24430;142
24431;142
24432;142
24433;142
24434;142
24435;142
24436;142
24437;142
24438;142
24439;142
24440;142
24441;142
24442;142
24443;142
24444;142
24445;142
24446;142
24447;142
24448;142
24449;142
24450;142
24451;142
24452;142
24453;142
24454;142
24455;142
24456;142
24457;142
24458;142
24459;142
24460;142
24461;142
24462;142
24463;142
24464;142
24465;142
24466;142
24467;142
24468;142
24469;142
24470;142
24471;142
24472;142
24473;142
24474;142
24475;142
24476;142
24477;142
24478;142
24479;142
24480;142
24481;142
24482;142
24483;142
24484;142
24485;142
24486;142
24487;142
24488;142
24489;142
24490;142
24491;142
24492;142
24493;142
24494;142
24495;142
24496;142
24497;142
24498;142
24499;142
24500;142
24501;142
24502;142
24503;142
24504;142
24505;142
24506;142
24507;142
24508;142
24509;142
24510;142
24511;142
24512;142
24513;142
24514;142
24515;142
24516;142
24517;142
24518;142
24519;142
24520;142
24521;142
24522;142
24523;142
24524;142
24525;142
24526;142
24527;142
24528;142
24529;142
24530;142
24531;142
24532;142
24533;142
24534;142
24535;142
24536;142
24537;142
24538;142
24539;142
24540;142
24541;142
24542;142
24543;142
24544;142
24545;142
24546;142
24547;142
24548;142
24549;142
24550;142
24551;142
24552;142
24553;142
24554;142
24555;142
24556;142
24557;142
24558;142
24559;142
24560;142
24561;142
24562;142
24563;142
24564;142
24565;142
24566;142
24567;142
24568;142
24569;142
24570;142
24571;142
24572;142
24573;142
24574;142
24575;142
24576;142
24577;142
24578;142
24579;142
24580;142
24581;142
24582;142
24583;142
24584;142
24585;142
24586;142
24587;142
24588;142
24589;142
24590;142
24591;142
24592;142
24593;142
24594;142
24595;142
24596;142
24597;142
24598;142
24599;142
24600;142
24601;142
24602;142
24603;142
24604;142
24605;142
24606;142
24607;142
24608;142
24609;142
24610;142
24611;142
24612;142
24613;142
24614;142
24615;142
24616;142
24617;142
24618;142
24619;142
24620;142
24621;142
24622;142
24623;142
24624;142
24625;142
24626;142
24627;142
24628;142
24629;142
24630;142
24631;142
24632;142
24633;142
24634;142
24635;142
24636;142
24637;142
24638;142
24639;142
24640;142
24641;142
24642;142
24643;142
24644;142
24645;142
24646;142
24647;142
24648;142
24649;142
24650;142
24651;142
24652;142
24653;142
24654;142
24655;142
24656;142
24657;142
24658;142
24659;142
24660;142
24661;142
24662;142
24663;142
24664;142
24665;142
24666;142
24667;142
24668;142
24669;142
24670;142
24671;142
24672;142
24673;142
24674;142
24675;142
24676;142
24677;142
24678;142
24679;142
24680;142
24681;142
24682;142
24683;142
24684;142
24685;142
24686;142
24687;142
24688;142
24689;142
24690;142
24691;142
24692;142
24693;142
24694;142
24695;142
24696;142
24697;142
24698;142
24699;142
24700;142
24701;142
24702;142
24703;142
24704;142
24705;142
24706;142
24707;142
24708;142
24709;142
24710;142
24711;142
24712;142
24713;142
24714;142
24715;142
24716;142
24717;142
24718;142
24719;142
24720;142
24721;142
24722;142
24723;142
24724;142
24725;142
24726;142
24727;142
24728;142
24729;142
24730;142
24731;142
24732;142
24733;142
24734;142
24735;142
24736;142
24737;142
24738;142
24739;142
24740;142
24741;142
24742;142
24743;142
24744;142
24745;142
24746;142
24747;142
24748;142
24749;142
24750;142
24751;142
24752;142
24753;142
24754;142
24755;142
24756;142
24757;142
24758;142
24759;142
24760;142
24761;142
24762;142
24763;142
24764;142
24765;142
24766;142
24767;142
24768;142
24769;142
24770;142
24771;142
24772;142
24773;142
24774;142
24775;142
24776;142
24777;142
24778;142
24779;142
24780;142
24781;142
24782;142
24783;142
24784;142
24785;142
24786;142
24787;142
24788;142
24789;142
24790;142
24791;142
24792;142
24793;142
24794;142
24795;142
24796;142
24797;142
24798;142
24799;142
24800;142
24801;142
24802;142
24803;142
24804;142
24805;142
24806;142
24807;142
24808;142
24809;142
24810;142
24811;142
24812;142
24813;142
24814;142
24815;142
24816;142
24817;142
24818;142
24819;142
24820;142
24821;142
24822;142
24823;142
24824;142
24825;142
24826;142
24827;142
24828;142
24829;142
24830;142
24831;142
24832;142
24833;142
24834;142
24835;142
24836;142
24837;142
24838;142
24839;142
24840;142
24841;142
24842;142
24843;142
24844;142
24845;142
24846;142
24847;142
24848;142
24849;142
24850;142
24851;142
24852;142
24853;142
24854;142
24855;142
24856;142
24857;142
24858;142
24859;142
24860;142
24861;142
24862;142
24863;142
24864;142
24865;142
24866;142
24867;142
24868;142
24869;142
24870;142
24871;142
24872;142